1.58,100.27,366.17,26.9,12.68,26.54,10.96,19.01,9.28
1.59,102.06,366.46,26.67,13.07,26.87,11.9,19.22,9.32
1.6,103.66,373.28,26.9,13.24,27.23,12.25,19.37,9.29
1.55,102.38,368.9,25.85,12.89,27.22,12.34,19.52,9.29
1.53,102.91,355.33,25.58,12.94,27.56,11.85,19.63,9.33
1.46,102.74,357.42,25.32,12.75,27.7,11.53,19.29,9.28
1.44,100.8,357.85,25.36,11.95,27.19,11.04,19.24,9.25
1.42,99.29,352.25,25.11,12.11,26.8,11.03,18.9,9.11
1.43,97.43,350.88,24.89,12,26.71,10.11,18.67,8.9
1.47,98.09,356.91,25.42,11.75,27.17,10.29,18.8,8.86
1.41,96.89,350.74,24.77,11.69,27.02,9.13,18.7,8.6
1.52,98.95,358.21,25.45,11.49,26.98,9.74,19,8.93
1.5,94.29,358.64,25.4,11.33,26.98,10.16,18.97,8.89
1.48,91.19,353.18,25.15,11.28,26.56,12.6,19.23,8.88
1.56,89.05,355.33,24.73,11.36,27.28,12.47,19.66,9.08
1.57,89.73,358.21,24.66,11.29,27.06,14.01,18.99,9.09
1.57,90.19,356.2,25.13,11.42,26.61,14.44,18.39,9.02
1.57,89.26,353.97,25.06,11.85,26.89,15.5,18.93,9.37
1.56,85.01,335.31,23.95,11.74,26.05,14.22,18.84,9.16
1.63,87.11,340.98,24.22,11.7,26.85,13.9,19.37,9.22
1.67,89.04,341.41,24.4,12.04,27.28,14.19,19.5,9.29
1.65,89.13,334.86,24.2,11.72,26.74,13.73,19.11,9.37
1.71,88.14,319.08,22.99,11.51,26.29,12.53,19.09,9.25
1.72,87.73,322.68,23.78,11.05,25.77,11.5,19.52,9.24
1.67,88.12,316.92,24.27,11.09,25.26,11.26,19.51,9.12
1.64,85.87,317.93,24.43,11.43,25.23,11.24,19.42,9.07
1.63,86.76,327.65,24.47,11.31,25.85,12.52,19.17,8.88
1.69,88.74,330.1,24.83,11.25,26.65,13.3,19.38,8.58
1.67,88.07,325.2,24.63,11.28,26.93,12.9,19.27,8.4
1.69,89.31,326.64,25.02,11.79,27.61,13.29,19.33,8.22
1.66,89.16,328.08,24.96,11.57,26.98,13.88,19.27,9.02
1.62,85.03,317.86,24.37,11.5,26.55,13.41,19.2,9.05
1.53,83.71,304.1,23.91,11.24,25.4,13.01,18.8,8.95
1.56,82.07,313.46,24.68,11.41,26.6,12.96,19.35,9.01
1.45,79.65,308.28,24.64,11.54,26.04,13.26,19.03,9.08
1.54,81.36,305.4,25.02,11.47,24.92,13.07,19.34,9.29
1.61,81.23,315.41,25.75,11.98,25.53,13.73,19.25,9.44
1.6,80.28,315.48,25.45,12.24,25.8,14.4,19.02,9.54
1.49,80.84,318.65,25.57,12.04,24.22,14.27,18.93,9.56
1.47,81.08,325.92,25.4,11.71,24.84,14.1,18.73,9.65
1.59,85.13,329.89,26.03,12.31,25.08,15.39,18.78,9.72
1.64,87.51,342.92,26.53,12.72,25.74,16.48,19.27,9.99
1.59,87.32,343.57,26.72,12.38,24.79,15.97,19.82,9.6
1.63,87.84,350.77,27.42,12.86,25.28,16.33,20.14,9.53
1.65,85.7,350.92,27.02,13.31,26.91,15.62,19.91,9.6
1.67,86.84,352,26.79,13.23,27.79,16.35,20.03,9.46
1.7,86.97,352.21,27.15,13.53,27.62,16.71,20.02,9.49
1.67,89.66,355.31,27.12,13.38,27.44,16.31,20.34,9.36
1.66,88.57,348.54,26.39,13.46,27.75,15.74,20.02,9.49
1.65,88.09,351.57,26.66,13.31,28.24,14.48,20.2,9.56
1.69,88.25,357.9,26.52,13.32,29.09,14.03,20.61,9.67
1.67,87.89,356.9,26.33,13.43,28.75,15.01,20.41,9.9
1.68,88.83,359.42,26.33,13.52,29.47,14.66,20.67,10.2
1.69,87.18,354.73,25.6,12.98,29.51,14.5,20.63,10.22
1.64,88.24,357.26,24.71,13.14,29.12,15.17,20.6,10.27
1.63,87.27,358.98,24.99,13.12,29.47,15.53,19.84,10.17
1.58,85.58,350.41,24.44,12.63,28.59,14.74,19.53,10.12
1.59,85.03,354.01,24.62,12.66,29.07,14.83,19.73,10.2
1.59,85.44,360.14,24.71,12.67,29,14.25,20.05,10.16
1.6,85.94,356.68,24.68,12.98,29.19,14.3,19.91,9.92
1.65,85,356.18,24.61,12.38,29.3,14.8,19.55,9.96
1.63,83.42,356.18,24.48,12.09,27.65,14.25,19.73,9.79
1.61,82.61,351.28,24.25,11.85,27.64,13.67,19.73,9.65
1.68,83.33,350.41,24.61,11.91,28.39,13.54,19.94,9.7
1.67,80.37,350.56,24.48,11.84,28.36,13.5,20.34,9.72
1.66,72.23,350.05,24.32,11.89,28.84,13.95,20.44,9.72
1.63,72.51,351.78,24.05,11.83,28.69,13.6,20.2,9.82
1.67,73.56,350.27,24.55,12.27,29.1,13.48,20.06,9.95
1.68,69.57,336.8,22.27,11.72,28.35,12.74,19.88,9.75
1.7,70.74,339.25,22.14,12.07,28.56,13.31,19.95,9.91
1.69,70.53,330.75,21.02,11.85,28.52,13.89,19.66,10.09
1.74,71.23,346.52,21.84,12.48,29.07,14.01,19.73,10.03
1.77,70.09,342.99,22.2,12.73,28.65,14.82,19.49,9.99
1.72,73.51,338.89,22.3,12.49,28.75,14.26,20.54,10.01
1.69,73.55,335.14,22.24,12.87,28.88,14.53,20.52,9.99
1.66,72.66,327.36,21.68,12.63,28.6,14.31,20.45,10.14
1.64,72.17,327.72,21.64,12.94,28.01,14.06,20.65,10.19
1.61,71.48,321.96,21.44,12.76,27.83,16.79,20.45,10.06
1.63,71.66,318,21.15,12.84,28.31,16.82,20.33,10.05
1.56,70,310.08,20.79,12.83,27.83,16.91,20.26,10.16
1.62,69.33,308.85,20.36,12.48,27.5,16.18,20.24,10.2
1.64,69.22,311.88,20.82,12.59,27.41,16.69,20.38,10.15
1.62,69.66,316.63,20.92,12.94,27.27,16.49,20.44,10.26
1.6,69.3,325.09,20.85,12.75,26.91,16.32,20.45,10.43
1.59,67.58,320.32,20.92,12.74,26.58,16.05,21.02,10.36
1.53,62.8,306.87,20.44,12.61,26.47,16.12,20.88,10.45
1.52,63.22,304.84,20.22,12.38,26.96,16.11,20.96,10.79
1.65,68.27,323.79,21.68,12.67,27.57,17.32,20.72,10.67
1.64,66.18,320.61,20.78,12.62,27.14,17.73,21.01,10.5
1.58,65.98,313.16,20.22,12.53,26.1,16.94,21.39,10.4
1.62,68.05,319.96,20.36,12.82,25.88,17.32,21.82,10.42
1.73,70.78,328.35,20.84,13.06,26.61,18.81,21.51,10.88
1.71,69.97,330.95,20.41,13.18,26.4,19.94,21.57,10.84
1.71,70.75,335.22,21.12,13.13,26.68,19.61,21.51,10.77
1.69,70.95,338.33,22.07,13.24,27.41,19.16,21.54,10.97
1.67,69.92,331.6,21.51,13.25,26.91,19.39,21.62,10.82
1.59,69.1,327.34,21.21,13.92,26.11,18.76,21.82,10.77
1.65,69.55,325.46,21.06,14.4,25.83,18.75,21.99,10.85
1.7,69.84,327.91,21.74,14.32,26.34,19.45,21.82,10.86
1.63,68.81,324.15,21.51,14.05,25.49,19.47,21.71,10.85
1.62,67.96,318.08,21.15,13.93,25.71,19.06,21.64,10.66
1.62,67.57,314.61,20.72,14.04,25.23,18.91,21.54,10.79
1.64,68.1,313.45,20.59,13.93,24.91,18.37,21.36,10.76
1.58,66.61,312.29,20.55,13.98,25.54,18.23,21.49,11.11
1.55,64.68,306.65,19.87,13.71,24.47,17.96,21.17,10.91
1.54,65.67,303.69,19.83,13.4,23.68,17.97,21.01,10.69
1.54,66.7,306.22,19.89,13.42,24.36,17.99,21.52,10.75
1.5,65.96,303.76,19.33,13.26,25.17,18.17,21.53,10.6
1.45,64.83,296.53,19.93,13.1,25.1,18.58,21.48,10.62
1.45,63.59,301.59,19.76,13.29,24.78,17.3,21.75,10.6
1.38,62.51,294.43,19.4,13.32,24.16,17.14,21.38,10.45
1.36,61.81,297.97,20.03,13.21,23.88,17.08,21.35,10.3
1.32,62.6,290.6,19.7,13.05,23.04,17.43,21.39,10.2
1.36,63.07,290.74,19.6,12.58,22.98,16.82,20.9,10.21
1.39,63.87,309.76,20.13,12.95,23.37,18.41,21.4,10.26
1.36,62.88,311.5,20.55,13.4,21.57,18.78,21.38,10.18
1.16,60.73,304.19,20.03,13.05,21.43,18.3,21.51,10.03
1.16,59.27,292.84,19.6,12.45,21.01,17.55,21.18,9.98
1.14,56.93,287.85,19.1,12.29,20.31,17.53,20.81,9.76
1.17,57.71,286.33,19.53,12.55,20.08,17.51,20.93,9.68
1.16,56.8,282.93,19.07,12.71,19.03,15.34,20.85,9.43
1.12,58,267.6,19.59,12.47,19.8,15.85,20.65,9.66
1.15,59.53,283.22,19.85,12.49,20.54,15.86,20.57,10.31
1.2,59.62,280.25,19.29,12.67,20.07,16.25,20.42,10.47
1.15,55.97,278.37,18.89,12.29,19.98,13.55,20.16,10.26
1.15,56.78,271.07,18.66,12.48,18.93,13.32,19.88,10.1
1.19,58.38,267.67,18.53,12.11,19.26,14.25,19.68,10.08
1.27,60.86,286.04,19.71,12.42,20.41,15.21,19.98,10.36
1.22,59.04,278.23,19.54,12,19.95,14.94,20.02,10.08
1.19,57.69,271.72,18.79,11.96,19.75,15.6,19.95,9.78
1.17,56.93,264.34,17.96,11.08,19.41,14.96,20.16,9.69
1.24,57.47,266.87,18.16,10.44,19.09,15.55,19.66,9.51
1.18,57.31,262.9,18.99,9.98,18.32,15.43,19.46,9.53
1.23,58.79,267.16,18.76,10.13,18.61,15.94,19.05,8.98
1.21,57.14,261.81,18.29,9.9,18.52,16.29,18.69,8.9
1.06,58.53,267.09,18.76,9.91,17.8,16.16,18.44,8.69
1.01,59.66,266.87,18.39,10.14,17.72,15.55,18.02,8.58
1.01,59.62,260.36,17.61,9.81,17.25,15.29,17.34,8.31
1.01,56.72,231.72,17.04,9.72,16.23,15.5,16.72,8.29
0.98,55.52,195.27,16.47,9.58,15.82,14.55,17.11,7.92
1.03,57.58,214.01,17.62,10.01,17.31,14.1,17.06,8.51
0.97,57.42,214.44,17.7,9.94,16.49,12.49,15.68,8.69
0.97,54.98,222.32,18.46,9.98,16.12,12.93,16.86,9.2
1.02,58.94,240.91,20.22,10.4,17.89,14.33,17.71,9.61
1.04,59.44,245.54,20.98,10.45,18.48,14.77,17.58,9.45
1.03,58.29,242.57,21.38,10.75,18.19,14.45,17.76,9.52
1,56.51,234.87,20.85,10.41,17.14,14.16,17.47,9.23
0.98,56.2,224.54,19.59,9.93,15.98,13.84,17.08,8.84
0.95,54.64,208.32,18.79,9.38,15.66,12.87,17.11,8.53
1,56.22,221.05,19.69,9.7,16.59,13.74,16.49,8.67
1.02,57.4,229.19,20.42,9.8,17.03,13.6,16.76,8.38
1.03,59.42,246.5,21.21,9.51,10.81,13.9,16.15,9.52
1.01,59.61,249.48,21.51,9.45,11.76,14.26,16.33,9.72
1.01,59.56,247.81,21.41,9.29,12.45,14.46,16.45,9.75
0.99,59.67,240.68,20.55,9.13,12.29,13.93,16.26,9.67
1.03,62.17,256.24,21.18,9.06,12.73,13.91,16.5,10.07
1.06,63.48,260.61,21.44,9.26,12.83,14.62,17.34,10.6
1.07,65.85,253.77,20.95,9.09,12.97,14.9,17.08,10.35
1.08,68.45,264.31,21.84,9.68,13.28,15.5,17.66,10.42
1.08,67.44,260.24,21.41,9.5,13.19,15.98,17.49,10.35
1.09,67.22,267.85,21.45,9.57,12.77,15.38,17.6,10.47
1.08,68.04,274.32,21.71,9.71,13.07,15.73,17.51,10.68
1.06,66.72,265.12,21.41,9.4,12.74,15.17,17.33,9.89
1.05,65.91,268.24,21.29,9.64,12.62,14.93,17.19,10.12
1,64.69,266.68,21.21,9.49,12.11,14.52,17.11,9.84
0.99,63.12,258.49,20.78,9.28,11.28,14.57,16.91,9.68
0.99,63.58,255.91,20.15,9.28,11.61,15.14,17.09,9.74
1,62.55,255.37,20.02,9.39,11.72,14.94,17.05,9.69
0.95,60.04,229.17,18.9,8.73,11.34,14.6,16.53,9.55
0.98,61.18,236.27,19.06,8.82,11.28,14.83,15.96,9.81
0.96,59.9,228.47,18.59,8.53,12.16,14.25,15.77,9.65
0.97,60.74,236.11,18.79,8.14,13.27,15.31,15.33,9.76
0.97,61.82,242.27,19.11,8.62,13.41,16.51,15.39,10.08
0.97,62.74,240.71,19.31,8.7,13.51,17.13,15.28,10.24
0.97,61.57,235.02,19.26,8.9,13.73,17.11,15.31,10.17
0.96,59.64,227.3,18.59,8.69,13.55,16.75,14.57,9.97
0.96,60.16,229.09,17.96,8.5,13.36,16.61,14.73,10.2
0.98,60.01,232.99,18.53,8.53,13.32,16.71,15.56,10.29
1,59.54,232.37,18.39,8.35,14.08,17.35,13.57,9.9
1.02,57.72,226.99,18.16,8.19,13.27,17.73,13.03,9.86
0.99,53.77,215.6,17.63,7.87,13.35,17.21,12.81,9.45
1.01,53.04,209.21,17.76,7.79,13.27,15.86,12.88,9.52
1,52.59,214.98,17.53,7.71,12.82,16.05,13.03,9.64
0.99,49.58,212.09,17.2,7.45,12.87,15.93,12.85,9.45
1.01,52.29,218.95,18.05,7.95,13.44,15.73,12.99,9.26
0.99,51.47,230.11,17.65,8.07,13.88,17.15,13.24,9.33
1,50.09,226.28,16.36,7.68,13.13,17.01,13.18,9.33
0.98,48.39,231.2,16.48,7.82,12.34,15.93,12.67,9.3
0.98,50.76,241.72,17.52,7.9,12.16,16.95,13.12,9.29
0.96,49.48,230.81,16.58,7.44,11.71,17.01,13.05,9.27
0.97,49.79,222.31,16.46,7.31,11.76,16.75,12.77,9.43
0.95,46.97,218.17,16.05,6.91,11.59,16.55,12.56,9.52
0.93,47.18,208.43,15.34,6.78,10.64,16.64,12.52,9.29
0.93,47.34,217.08,15.61,6.18,11.19,16.94,12.6,9.26
0.92,45.7,209.68,14.71,5.7,9.94,16.86,11.88,8.94
0.95,47.78,222.78,15.11,6.06,10.12,17.96,12.32,9.28
0.98,53.04,237.04,16.19,6.64,10.88,18.46,12.9,9.52
1,52.63,236.34,16.28,6.33,11.2,19.2,12.9,9.67
1.03,56.83,266.21,17.52,7.08,12.05,18.94,12.96,10.14
0.98,53.86,263.95,17.12,6.59,10.7,19.49,12.56,9.96
0.95,59.91,278.76,17.98,6.77,11.07,18.74,12.79,10.01
0.97,61.62,272.76,17.82,6.59,11.54,19.04,12.54,10.14
0.98,62.69,276.97,18.15,7.62,11.71,19.26,13.13,10.66
0.99,61.81,277.05,18.1,7.5,11.59,19.38,13.6,10.38
1.01,61.91,276.73,17.99,7.32,12.06,19.75,13.81,10.45
0.99,59.83,270.34,17.38,7.07,12.02,19.86,13.43,10.18
1.04,61.87,278.37,17.54,6.96,12.6,19.3,13.28,10.36
1.06,63.53,283.05,17.55,7.01,12.26,18.59,13.15,10.3
1.04,63.68,284.61,17.28,6.66,12.48,18.57,13.22,10.33
1.08,65.28,289.13,16.82,6.8,12.03,19.08,13.06,10.38
1.09,65.51,289.52,16.88,6.83,11.4,19.36,13,10.13
1.11,66.72,295.01,17.38,6.81,10.91,19.8,13.01,10.28
1.14,68.46,294.62,17.72,6.91,11.15,18.78,13.23,10.46
1.14,67.78,297.83,17.72,7.19,10.75,18.72,13.58,10.35
1.16,67.79,296.89,17.79,7.55,10.89,19.34,13.68,10.6
1.08,65.64,285.61,17.46,7.11,10.43,19.12,13.86,10.64
1.07,64.51,288.9,16.78,7.06,10.22,19.51,12.77,10.41
1.03,64.26,279.73,16.19,6.86,9.78,19,12.26,10.3
1.06,65.8,285.14,15.95,6.97,10.15,19.82,12.26,10.12
1.05,65.97,274.24,16.11,6.88,10.53,20.41,12.48,10.07
1.1,67.11,283.18,16.38,7.11,11.27,21.21,12.59,10.13
1.08,66.52,289.13,15.95,6.98,11.47,22.21,12.65,10.23
1.06,65.83,280.67,15.78,7.11,12.34,22.42,12.92,10.05
1.03,65.15,285.53,15.98,6.9,12.77,21.29,12.98,10.31
1.05,67.85,296.11,16.58,7.21,13.59,22.9,13.13,10.97
1.11,70.58,305.12,17.95,8.33,14.49,23.4,13.61,11.36
1.08,70.19,301.98,17.69,8.24,14.06,23.99,13.56,11.39
1.08,71.66,302.84,17.92,8.79,14.14,24.25,13.26,11.23
1.04,70.72,291.17,17.62,8.74,14.17,23.4,13.26,11.07
1.06,72.91,305.35,18.15,8.91,14.95,24.08,13.46,11.61
1.05,72.26,304.65,18.13,9.19,15.3,23.35,13.46,11.54
1.03,72.58,301.83,18.19,9.25,15.51,24.11,13.64,11.45
1.03,70.84,296.58,17.89,8.04,14.59,23.74,13.27,11.32
1.01,69.58,296.58,17.73,8.2,14.83,23.39,13.37,11.44
0.99,69.05,291.01,17.25,8.09,14.77,22.58,13.66,11.44
1.01,68.44,294.3,17.42,7.98,14.71,22.61,13.08,11.57
1,66.17,283.26,17.05,7.63,13.97,21.68,12.66,11.34
1.03,67.17,288.27,17.34,7.77,14.39,21.86,12.62,11.63
1.05,67.71,284.12,17.48,7.82,14.14,22.13,12.51,11.54
1.03,66.65,286.94,17.32,7.95,14.36,22.3,12.66,11.46
1,66.51,282.08,17.05,7.83,14.27,22.18,12.62,11.55
1,67.86,293.68,17.67,8.03,14.04,22.51,12.65,11.76
1.02,66.77,290.93,17.38,7.98,13.27,22.46,11.63,11.61
0.99,65.79,291.09,17.16,7.84,13.59,22.1,11.61,11.57
0.96,65.4,289.92,16.98,7.9,13.1,21.69,11.38,11.61
0.96,66.33,298.85,17.35,7.9,13.68,21.93,11.46,11.55
0.98,66.73,295.24,17.2,7.78,13.25,22.24,11.31,11.66
0.97,66.31,286,16.94,7.75,12.44,21.88,11.26,11.6
0.97,65.26,282.24,16.92,7.91,12.88,20.3,11.34,11.58
0.95,64.31,275.58,16.64,7.74,12.78,18.86,11.28,11.48
0.95,63.39,276.2,16.51,7.75,13.09,19.25,11.46,11.55
0.97,64.43,275.73,16.4,7.51,13.35,18.89,11.7,11.45
1,66.98,284.82,17.17,8.03,13.8,19.57,12.04,11.71
1.01,67.88,282.94,17.11,7.82,13.19,20.52,11.73,11.7
1.01,69.49,292.34,17.55,8.13,13.33,20.7,12.11,11.41
1,71.5,289.76,17.45,8.18,13.68,21.55,12.13,11.04
0.98,69.99,287.49,17.18,8.08,13.49,21.02,12.25,10.99
0.99,72.33,290.15,17.45,8.26,15.12,21.45,12.27,11.17
1,72.89,293.52,17.28,8.48,15.15,21.32,12.54,11.04
0.99,72.75,290.23,17.27,8.54,15.95,22.04,12.61,10.83
0.99,73.64,297.2,17.32,8.5,15.53,22.74,12.34,10.79
0.98,72.82,293.44,16.97,8.32,15.46,22.27,12.14,10.64
0.99,71.54,290.78,16.86,8.42,15.85,21.8,11.53,10.8
0.95,67.59,288.35,16.76,8.2,15.32,21.4,11.24,10.88
0.95,66.96,283.18,16.21,8.19,14.48,21.08,11.16,10.7
0.94,66.26,281.3,15.87,7.87,14.95,21.17,11.18,10.68
0.96,67.38,291.01,16.13,8.08,15.51,21.79,10.91,10.64
0.93,65.67,280.43,15.54,7.87,14.95,22.11,10.84,10.5
0.96,65.2,274.95,15.53,7.65,14.41,21.78,10.7,10.66
0.99,66.6,277.85,15.6,7.73,14.73,21.62,10.67,10.92
1.01,66.78,278.55,15.51,7.66,14.66,22.08,10.46,10.86
0.97,65.1,269.49,15.19,7.35,14.33,21.82,10.52,10.81
0.97,65.01,270.67,15.59,7.43,14.43,21.85,10.36,11.03
0.99,65,273.04,15.93,7.51,14.55,22.16,10.56,10.45
0.99,64.09,265.08,15.53,7.35,14.92,22.05,10.4,10.09
0.98,64.23,265.16,15.49,7.42,15.17,22.17,10.23,10.05
0.98,64.56,261.22,15.42,7.34,14.9,22.09,9.95,9.88
0.96,64.22,259.33,15.29,7.18,14.6,21.44,9.86,9.77
0.97,64.9,259.17,15.25,7.3,14.65,21.4,9.97,9.89
0.97,64.46,252.55,15.16,7.22,14.85,20.78,10.11,9.89
0.97,63.72,247.59,14.99,7.14,14.72,21.13,10.06,9.94
0.98,63.19,250.9,14.94,6.89,14.22,20.06,9.87,10.77
0.99,64.51,256.41,15.14,7.09,15.07,20.06,9.91,10.91
1.03,66.08,261.93,15.43,7.29,15.43,21.39,9.79,11.1
1,66.23,262.87,15.73,7.2,15.13,21.19,9.82,11.02
1,65.93,258.93,15.73,7.06,15.38,21.36,9.74,11.03
1.01,66.6,261.61,16.03,6.89,15.91,21.78,9.88,11.28
1,65.44,255.55,15.78,6.76,15.41,21.78,9.66,11.14
1.02,65.86,259.17,16.16,6.59,15.59,21.88,9.57,11.32
0.98,64.47,254.21,15.87,6.62,15.43,21.64,9.32,11.09
1.01,64.37,258.93,16.23,6.8,15.87,21.62,9.64,11.19
1.02,64.93,262.72,16.33,6.79,16.07,22.01,9.9,11.09
0.99,64.41,260.43,16.23,6.59,15.91,21.81,9.6,11
0.98,63.89,255.07,15.89,6.32,15.3,22.27,9.39,10.98
0.99,64.75,261.38,16.16,6.33,14.74,22.42,9.29,10.95
0.98,64.2,258.38,16.26,6.08,15.22,22.69,9.18,10.92
0.98,64.89,261.3,16.5,5.89,15.53,22.97,9.33,11.04
0.97,63.06,253.73,16.03,5.7,15.2,22.88,9.1,11.18
0.96,62.77,248.61,15.86,5.39,15.03,22.78,9.07,11.14
0.96,62.62,249.48,16.16,5.78,15.14,23.36,9.01,11.19
1,65.35,263.11,17.12,5.82,15.88,24.42,9.31,11.59
1,65.81,265.95,17.42,5.52,15.68,24.71,9.85,11.52
1.02,68.69,269.49,17.84,5.87,16.52,26.55,9.97,11.78
1.01,68.7,273.67,17.93,6.16,16.86,26.78,10.41,12
1.01,68.3,279.42,18.32,6.23,16.73,26.54,10.6,12.1
1.01,68.47,282.34,18.23,6.12,16.53,27.45,10.46,12.34
1.01,70.72,293.13,19.01,6.54,17.22,27.93,10.66,12.56
0.97,68.51,281.31,18.15,6.17,16.06,26.23,10.21,12.26
0.98,69.51,282.89,18.32,6.23,16.79,26.9,10.3,12.61
0.97,67.93,282.81,18.06,6.24,16.27,27.76,10.35,12.39
0.98,67.85,282.89,17.95,6.19,15.59,27.77,10.55,12.31
0.99,67.35,279.34,17.68,6.05,14.87,27.18,10.8,12.11
0.96,65.33,271.46,17.32,6.14,14.91,26.03,10.52,12.08
0.96,65.58,280.52,17.74,6.1,15.12,25.54,10.22,12.25
0.99,67.85,291.87,18.37,6.32,15.85,26.38,10.42,12.59
0.98,68.23,287.77,18.71,6.43,16.42,26.65,10.24,12.22
0.97,67.3,293.37,18.76,6.44,16.35,26.22,10.59,12.29
0.98,67.03,293.29,18.85,6.57,16.43,26.82,11.5,12.2
0.98,66.7,296.36,19.05,6.45,16.58,26.52,11.53,12.28
0.96,65.56,291.87,18.54,6.48,16.36,25.06,11.28,12.2
0.97,65.81,291.16,18.59,6.45,16.69,25.67,11.5,12.33
0.89,65.6,294.31,18.78,6.61,16.62,25.75,11.48,12.26
0.92,66.7,302.82,18.85,6.93,17.13,25.05,11.42,12.57
0.91,68.96,309.29,19.22,6.81,17.42,25.13,11.53,12.76
0.9,69.04,301.48,18.9,7.53,17.02,24.38,11.46,12.44
0.89,70.19,307.63,19.35,7.68,17.88,24.99,11.64,12.58
0.89,69.44,304.95,19.12,8.1,17.71,25.25,11.65,12.43
0.91,71.33,314.72,19.69,8.42,18.77,25.58,11.68,12.48
0.92,71.43,317.48,19.96,8.86,18.58,25.43,11.53,12.32
0.91,70.97,308.5,19.76,8.57,18.73,25.12,11.58,12.36
0.9,69.87,302.98,19.77,8.13,18.14,28.97,11.5,12.17
0.94,70.9,309.36,20.05,8.29,18.66,29.11,12.32,12.54
0.95,71.35,308.1,19.96,8.42,19.02,28.89,12.57,12.61
0.96,70.72,309.29,20,8.49,19.12,28.69,12.44,12.87
0.97,71.54,308.89,19.76,8.22,18.67,28.66,12.49,12.97
0.98,72.94,314.43,19.75,8.27,18.93,29.43,12.8,13.31
1.09,72.07,313.09,19.58,8.28,19.22,29.96,12.73,13.32
1.18,72.89,316.41,19.77,8.26,19.57,30.88,13.01,13.41
1.19,72.34,316.97,19.59,8.24,19.62,30.7,12.65,13.15
1.22,71.81,310.55,19.33,8.17,19.57,30.45,12.55,11.58
1.24,73.06,309.29,19.69,8.15,19.82,30.96,12.79,11.77
1.26,74.27,311.98,19.67,8.27,20.73,31.7,13.31,11.61
1.26,75.09,311.03,19.39,8.36,20.54,32.95,13.29,11.53
1.25,74.02,308.1,19.43,8.26,20.35,32.6,13.5,11.39
1.27,75.02,312.45,19.34,8.21,20.51,32.63,13.53,11.57
1.27,74.26,310.08,18.91,8.26,20.28,33.05,13.48,11.56
1.22,72.14,302.79,18.71,8.09,18.84,31.56,13.21,11.36
1.2,71.58,305.09,18.83,7.93,19.11,31.48,12.33,11.4
1.21,71.92,307.78,18.74,7.97,19.18,31.75,12.59,11.36
1.23,71.83,306.67,18.83,8.01,19.74,33,12.73,11.36
1.24,71.15,309.6,18.77,7.88,19.58,32.72,12.95,11.42
1.28,73.18,318.24,19.22,8.36,20.08,34.85,12.93,11.61
1.24,73.08,325.84,19.2,8.45,20.79,34.86,13.29,11.54
1.22,72.9,322.91,19.18,8.31,20.68,35.55,13.34,11.55
1.21,73.47,324.89,19.49,8.65,21.4,35.89,13.63,11.86
1.18,72.88,327.66,19.69,9.12,22.1,35.4,13.75,11.87
1.17,69.95,334.63,19.73,8.81,21.67,35.23,13.95,11.75
1.19,70.31,340.73,19.94,8.7,22.38,35.39,13.82,11.43
1.19,68.35,344.53,20.22,8.73,23.66,35.52,14.03,11.02
1.16,66.8,346.04,20.58,8.83,23.15,33.35,15.32,10.89
1.14,68.43,339.46,20.47,8.67,22.82,33.68,15.19,10.62
1.16,68.19,342.16,20.77,9.06,23.38,34.07,15.77,10.81
1.18,70.07,349.2,21.04,9.34,23.73,34.65,15.75,10.99
1.2,70.06,349.05,21.1,9.29,23.46,35.2,15.73,11.02
1.18,69.06,349.28,20.81,9.04,23.09,34.13,15.61,10.73
1.24,70.52,358.31,21.28,9.25,24.32,35.84,16.15,10.58
1.23,70.35,360.85,21.19,9.62,24.42,35.84,16.15,10.29
1.29,70.68,355.7,20.87,9.49,24.13,35.85,16.04,10.42
1.29,70.56,346.83,20.28,9.29,24.11,35.5,15.69,10.31
1.3,70.87,348.89,20.38,9.49,24.36,35.04,16.02,10.41
1.29,69.41,341.36,20.28,9.31,23.75,35.58,16.28,10.37
1.27,69.79,343.34,20.32,9.35,23.55,35.4,16.39,10.51
1.29,68.84,340.97,19.87,9.24,23.57,35.39,16.18,10.45
1.3,70.39,346.27,19.92,9.25,24.02,36.72,16.33,10.43
1.27,69.61,340.65,19.56,9.09,24.05,36.3,16.28,10.42
1.29,68.85,338.99,19.6,9.06,24.28,36.32,16.05,10.31
1.29,69.76,346.99,19.57,8.92,24.27,37.25,15.96,10.36
1.3,70.72,351.66,19.56,8.96,24.67,37.85,16.53,10.18
1.29,70.06,347.54,19.51,8.96,24.57,37.92,16.46,10.06
1.34,71.84,355.94,20.01,9.22,25.19,39.05,16.66,10.03
1.38,71.98,359.34,19.69,9.2,26.16,40.51,16.59,10.32
1.35,71.33,364.25,19.4,9.16,25.16,40.5,16.63,10.27
1.32,70.12,358,19.27,9.17,25.03,38.25,16.2,10.22
1.34,70.84,365.52,19.22,9.3,25.1,37.65,16.43,10.39
1.35,71.28,373.2,19.17,9.32,25.17,39.27,15.95,10.63
1.33,72.13,370.91,18.91,9.59,24.9,38.43,15.34,10.55
1.34,72.39,360.53,18.71,9.06,25.04,37.68,15.37,11.07
1.41,69.54,354.99,18.52,8.92,24.63,36.32,14.91,10.79
1.41,69.86,362.27,18.99,9.06,24.56,34.98,15.56,10.93
1.39,68.85,356.02,18.56,8.69,23.84,35.33,15.19,11.17
1.41,68.3,359.98,18.73,8.72,23.92,34.87,15.34,11.8
1.41,68.68,361.48,18.74,8.73,23.72,40.11,15.43,11.5
1.39,68.02,355.38,18.76,8.8,23.28,41.31,15.34,11.32
1.46,69.72,362.19,19.43,9.04,23.81,41.6,15.6,11.4
1.42,68.88,362.75,19.39,8.94,24.13,42.08,15.47,11.27
1.4,68.26,359.9,19.07,8.92,23.88,41.39,16.12,11.27
1.37,67.56,358.23,19.12,8.86,23.47,40.66,16.3,11.38
1.43,67.8,357.59,19.44,9.2,24.13,41.64,16.74,11.07
1.4,67.82,346.82,19.45,9.07,23.69,40.03,16.71,10.84
1.43,67.7,350.17,19.47,9.02,23.23,39.65,16.43,10.87
1.38,66.64,343.79,19,8.75,22.22,38.67,16.01,10.85
1.33,66.69,347.38,18.92,8.86,22.49,38.94,15.88,10.84
1.35,67.47,352.01,19.19,8.92,25.71,39.01,16.05,11.04
1.33,67.63,354.4,19.19,8.91,26.48,39.15,17.38,10.94
1.33,67.75,355.6,19.33,8.91,26.46,38.93,17.29,10.93
1.33,68.16,360.71,19.36,8.92,27.03,39.85,17.31,11.05
1.37,67.9,358.95,19.15,8.99,27.25,40.21,16.86,11.58
1.35,68.2,360.23,19.51,8.95,26.91,40.3,16.7,11.52
1.33,68.39,358.39,19.67,8.96,27.27,40.1,16.72,11.74
1.38,69.84,356.4,20.37,9.07,27.23,43.02,16.53,11.87
1.37,69.28,354.48,20.4,9.21,27.37,43.57,16.65,11.86
1.42,69.44,352.49,20.13,9.33,27.37,43.76,16.74,12.07
1.47,69.28,350.49,20.61,9.49,27.34,45.7,16.37,12.14
1.41,69.38,344.03,20.42,9.34,27.69,45.22,15.97,12.01
1.41,68.53,342.59,20.4,9.22,27.37,45.85,16.15,12.11
1.42,68.99,345.7,20.42,9.49,27.48,45.93,16.23,12.03
1.45,68.57,342.91,20.33,9.68,28.45,45.88,16.41,12.1
1.5,68.48,343.95,20.29,9.51,28.43,45.94,16.26,11.89
1.53,68.58,346.02,20.21,9.61,28.76,46.32,16.31,11.8
1.55,71.71,352.65,20.81,10.24,29.39,47.33,16.37,11.81
1.55,72.19,355.2,21.27,9.93,29.36,46.19,16.51,11.75
1.54,73.51,354.48,21.41,9.87,29.13,47.29,17.02,11.94
1.52,72.71,353.92,21.22,9.76,29.04,46.52,16.95,11.7
1.54,74.5,355.36,21.45,9.84,28.75,47.28,16.99,11.8
1.51,74.77,353.44,21.3,9.67,27.95,46.68,17.16,11.53
1.5,73.45,350.81,21.21,9.46,27.31,46.22,16.88,11.5
1.53,73.52,352.89,21.52,9.51,28.17,45.19,17.24,11.66
1.56,74.17,353.6,21.55,9.65,28.17,45.68,17.08,11.69
1.5,73.99,352.49,21.46,9.46,28.85,45.51,17.09,11.64
1.51,75.5,356.8,21.82,9.67,29.12,46.24,17.28,11.79
1.5,75.78,358.71,21.68,9.56,28.46,46.16,17.28,11.62
1.55,76.93,372.36,21.95,9.76,28.49,47.89,17.4,11.81
1.53,78,375.08,21.82,9.57,28.44,47.58,17.4,11.83
1.49,76.42,370.21,21.46,9.54,27.86,47.47,17.19,11.83
1.52,76.38,376.51,21.57,9.58,28.04,50.44,17.39,11.76
1.44,74.75,371.4,21.06,9.36,26.82,49.61,17.41,11.54
1.38,74.76,366.93,20.89,9.27,26.84,50.05,17,11.67
1.4,74.46,362.06,20.54,9.15,26.6,48.56,17.17,11.59
1.44,74.8,367.73,20.89,9.09,26.26,49.86,17.27,12.12
1.4,73.86,363.26,20.5,8.96,26.27,48.43,17.13,11.98
1.41,75.55,375.16,21.07,9.23,27.28,49.12,17.62,12.37
1.39,75.32,377.15,21.15,9.17,27.05,50.09,17.67,12.21
1.47,75.79,376.03,21.2,9.49,28.2,52.89,17.65,12.33
1.51,76.24,377.63,21.18,9.47,28.53,54.15,17.54,12.47
1.57,76.68,381.78,21.08,9.5,28.41,54.91,17.99,12.39
1.56,77.48,379.62,20.77,9.56,28.09,55.7,17.57,12.35
1.59,77.31,382.18,20.72,9.74,29.44,57.86,17.62,12.67
1.6,77.49,382.34,20.16,9.73,29.11,58.06,17.67,12.96
1.65,77.93,390.56,19.9,9.96,30.19,58.3,17.81,12.97
1.66,77.53,391.12,20.14,9.94,30.36,59.91,17.75,13.04
1.68,77.55,390.16,19.84,10.1,29.51,58.55,17.4,12.99
1.57,74.65,391.12,19.96,10.26,29.65,59.91,17.46,12.96
1.54,74.61,386.17,19.64,10.09,29.11,59.69,17.57,12.58
1.57,74.42,384.25,19.79,10.3,29.19,59.59,17.59,12.41
1.57,74.36,379.7,19.86,10.12,29.9,59.35,17.27,12.82
1.54,73.97,376.75,19.5,9.86,29.92,54.03,17.39,12.76
1.56,73.71,381.38,19.53,10.06,30.31,54.32,17.46,12.78
1.53,73.94,379.94,19.46,9.9,29.66,54.51,17.6,12.8
1.53,74.02,372.76,19.41,10,30.52,54.82,17.64,13.06
1.6,75.17,379.78,19.61,10.31,31.7,56.73,17.9,13.03
1.6,74.7,379.86,19.83,10.42,31.56,56.69,17.91,13.22
1.56,74.52,382.12,19.86,10.19,32.03,55.83,17.99,13.04
1.55,74.82,381.15,19.95,10.17,32.24,54.43,18.19,12.85
1.57,74.99,386.3,19.81,10.25,32.83,56.74,18.47,12.94
1.55,74.54,388.55,19.71,10.33,32.85,56.86,19,12.72
1.56,73.99,390,19.55,10.2,32.26,56.74,19.03,12.81
1.56,74.84,393.13,19.56,10.15,32.5,54.99,18.9,12.97
1.52,73.94,383.97,19.34,10.22,32.15,54.31,18.93,13.02
1.48,75.35,385.57,19.37,10.25,32.5,51.98,18.92,13.02
1.46,74.86,381.07,19.33,10.32,32.9,52.23,18.99,13.02
1.51,75.97,381.07,19.74,10.95,32.76,54.13,19.39,12.75
1.52,76.31,378.74,19.49,11.02,32.21,54.8,19.26,14.04
1.45,75.6,373.35,19.17,10.87,31.89,52.45,18.98,13.83
1.43,75.23,372.31,19.13,10.66,31.9,50.36,18.47,13.89
1.38,74.51,366.36,19.56,10.57,32.12,48.5,18.25,13.76
1.38,74.89,369.41,20.27,10.55,32.26,49.53,18.21,13.64
1.38,74.04,368.04,19.91,10.41,31.98,48.85,18.24,13.87
1.37,74.25,372.63,19.64,10.36,32.37,48.58,18.45,13.94
1.43,75.11,375.84,19.77,10.59,33.17,51.33,18.95,14.08
1.4,74.92,377.21,19.88,10.9,33.55,52.47,19.03,14.09
1.4,75.32,377.53,19.79,10.83,33.96,52.96,18.76,14.08
1.41,75.85,378.18,19.72,11.07,34.46,53.97,18.94,14.26
1.47,76.24,382.44,19.97,11,33.83,54.65,19.47,14.15
1.46,76.02,379.7,20.27,10.83,32.52,53.93,19.57,13.95
1.42,75.64,377.53,20.3,11.05,31.91,51.51,19.55,13.89
1.43,76.58,379.46,20.05,10.98,30.1,51.8,19.63,13.77
1.41,75.93,374.56,20.01,10.87,30.06,51.56,19.2,13.69
1.42,76.4,380.91,20.2,11.08,30.15,51.08,18.93,13.97
1.38,75.92,378.66,20.33,11.33,29.36,49.34,18.78,13.87
1.38,76.84,380.83,20.44,11.18,28.89,49.2,18.88,14.02
1.43,77.4,382.52,20.91,11.52,29.65,50.8,19.06,14.12
1.41,77.66,382.36,20.71,11.5,29.78,50.99,19.05,13.98
1.36,77.16,384.21,20.86,11.97,29.22,50.41,18.78,13.95
1.36,78.73,385.49,21.08,12.03,27.52,49.5,18.38,13.99
1.34,78.24,381.87,21.13,12.3,28.62,47.58,18.1,14.01
1.36,77.68,385.09,21.22,12.51,28.91,48.75,18.33,14.23
1.33,78.02,388.15,21.24,12.78,28.69,49.24,17.96,14.27
1.34,78.23,390,21.32,14.08,28.04,49.89,18.59,14.48
1.34,77.73,386.54,21.39,13.56,27.51,52.48,18.68,14.48
1.38,77.29,384.77,21.25,13.58,27.64,53.32,17.7,14.48
1.41,77.82,384.85,21.13,13.57,28.1,53.47,17.8,14.51
1.43,78.34,388.95,21.34,13.55,29.01,53.47,18.18,14.54
1.44,77.6,389.43,21.27,13.41,29.26,52.83,18.31,14.53
1.45,77.64,390.32,21.45,13.42,29.03,52.62,18.35,14.57
1.44,76.69,394.02,21.54,13.48,28.24,51.9,18.32,14.46
1.5,77.95,400.37,21.86,13.91,28.86,53.27,18.5,14.43
1.49,77.96,400.77,21.72,13.87,28.76,53.03,18.72,14.65
1.53,77.72,401.33,21.93,14.25,29.07,51.9,18.78,14.79
1.58,77.94,403.02,22.33,14.34,29.92,50.24,18.84,14.71
1.56,76.41,401.17,22.01,13.88,30.07,51.59,18.58,14.71
1.61,76.69,400.85,22.21,13.76,29.71,52.95,18.55,14.93
1.63,75.14,398.84,21.88,13.65,29.98,54.91,18.21,15.01
1.64,75.65,402.06,22.15,13.57,29.88,55.8,18.53,15.41
1.55,78.76,398.04,22.15,13.46,30.17,56.18,18.58,15.36
1.54,79.85,398.04,23.09,13.52,30,55.72,18.7,15.21
1.54,81.34,396.35,23.09,13.59,29.69,56.61,18.6,14.89
1.53,81.84,404.95,23.43,13.78,29.88,56.2,18.86,14.94
1.5,81.68,407.61,23.2,13.78,29.45,57.18,18.76,14.97
1.53,82.01,404.63,22.99,13.27,29.26,57.11,18.66,14.96
1.56,83.64,409.54,23.63,13.38,29.68,57.03,18.68,15.08
1.56,82.76,402.62,23.67,13.37,29.46,55.74,18.81,14.97
1.52,81.57,395.87,23.37,13.15,28.56,51.96,18.37,14.69
1.53,82.1,401.14,23.56,12.52,28.76,49.22,18.84,14.8
1.53,83.12,401.14,23.28,12.27,28.06,50.4,19.02,14.68
1.51,83.26,399.11,23.28,11.77,28.27,48.27,19.2,14.53
1.51,83.77,396.27,22.99,11.58,27.96,44.94,19.32,14.73
1.47,83.93,393.76,22.97,11.72,27.98,45.39,19.52,14.99
1.52,82.81,390.03,23.2,11.94,28.9,46.04,19.73,15.53
1.54,83.02,399.76,22.97,12.05,29.26,46.35,20.07,15.61
1.53,83.02,398.46,22.77,11.95,29.84,45.86,19.88,15.47
1.55,83.58,396.6,22.5,12.14,29.71,45.59,19.79,15.69
1.61,83.87,403.08,22.9,12.35,30.38,47.14,19.99,15.95
1.61,83.32,401.38,22.75,12.28,30.37,47.06,19.71,16.28
1.56,83.66,401.22,22.65,12.12,29.88,46.38,19.68,16.21
1.57,83.38,404.54,22.88,12.3,30.09,45.53,19.95,16.36
1.57,82.58,401.78,22.67,12.14,29.73,44.87,19.99,16.85
1.52,82.06,398.22,22.57,12.19,29.48,44.65,20.14,16.8
1.52,81.65,396.35,22.64,11.96,29.25,45.17,20.07,16.66
1.5,80.52,399.84,23.14,11.8,28.48,43.97,20.52,16.39
1.51,81.21,400.81,23.04,11.47,28.3,42.32,20.42,16.56
1.54,81,404.05,22.82,11.53,28.64,42.94,20.65,16.42
1.56,81.21,405.35,22.75,11.53,28.5,43.65,20.91,16.69
1.62,80.97,407.46,22.65,11.6,29.65,43.01,20.91,16.82
1.62,81.42,409.08,22.84,11.8,30.18,42.97,20.99,17.23
1.61,81.24,403.49,22.63,11.91,30.11,42.01,21,16.98
1.62,81.25,403.89,22.88,11.71,30.24,43.17,21.35,16.9
1.7,80.88,400.33,22.91,11.55,29.27,44.39,21.31,16.89
1.81,80.93,405.35,22.82,11.9,29.51,44.09,22.06,16.86
1.76,79.37,404.87,22.17,11.56,28.67,43.5,21.66,16.64
1.83,79.32,404.05,21.98,11.42,28.2,42.71,21.41,16.71
1.87,78.08,398.95,21.66,11.13,27.01,41.55,21.36,16.39
1.84,76.53,394.16,21.19,10.99,26.31,41.28,21.21,16
1.86,78.28,399.76,21.31,11.21,27.45,42.44,21.44,16.09
1.79,77.04,398.22,21.1,10.99,26.44,41.08,21.02,16.18
1.75,77.57,405.27,21.24,11.04,26.44,42.13,21.18,16.32
1.77,78.36,412,21.42,11.28,26.86,42.8,21.21,16.59
1.74,77.91,415.73,21.4,11.24,26.57,43.01,20.7,16.83
1.75,76.87,408.11,20.99,11.02,26.3,42.8,20.76,16.69
1.75,76.37,402.19,20.48,10.89,25.56,40.85,20.95,16.67
1.71,76.62,403.73,20.34,10.88,25.4,40.23,20.51,16.61
1.72,77,403.65,20.32,10.96,25.73,39.63,20.47,16.61
1.82,77.52,407.46,20.69,11.12,27.03,41.99,21.02,16.69
1.83,77.84,405.84,20.96,11.21,26.84,41.7,20.59,16.21
1.89,77.76,416.05,21.23,11.31,26.89,42.76,21.04,16.1
1.89,77.46,421.08,21.37,11.52,26.95,43.8,21.18,15.88
1.83,77.06,419.13,21.26,11.45,28.8,43.28,21.11,16.31
1.83,77.5,423.92,21.33,11.32,29.12,44.74,21.36,16.24
1.86,79.04,419.94,21.63,11.53,30.03,46.09,21.38,16.36
1.92,79.02,423.43,21.99,11.87,30.13,46.96,21.7,16.4
1.88,78.62,423.51,21.95,11.81,29.78,46.44,21.44,16.5
1.85,78.1,419.21,21.87,11.53,29.26,45.85,21.36,16.43
1.86,78.13,417.76,21.88,11.47,29.21,48.1,21.19,16.37
1.9,78.65,422.05,22.02,11.55,29.19,47.96,21.44,16.49
1.82,78.07,415.08,21.59,11.31,28.45,46.58,20.89,16.18
1.8,78.62,413.05,21.23,11.17,28.73,46.79,19.95,16.28
1.98,78.41,404.7,21.42,11.07,28.76,46.99,19.9,16.57
1.97,77.43,406.16,21.75,11.26,29.51,45.5,20.29,16.76
1.92,77.14,405.19,21.66,11.26,29.57,47.11,19.77,16.97
1.88,76.06,398.95,21.22,11.44,29.46,45.2,19.62,17.07
1.88,76.57,398.38,21.38,12.61,29.82,45.72,19.91,17.31
1.88,76.14,402.6,21.49,13.31,30.66,48.86,20.25,17.27
1.87,76.59,398.7,21.37,13.25,30.97,46.29,20.2,17.56
1.84,75.88,397.16,21.42,13.24,30.57,47.25,20.19,17.39
1.82,76.45,396.92,21.28,13.53,31.1,48,20.1,17.56
1.79,75.86,392.62,20.91,13.16,30.49,46.97,20.4,17.52
1.81,74.74,393.77,20.93,13.05,30.23,46.19,20.08,17.43
1.74,73.98,393.11,20.86,13.04,30.27,43.6,20.12,17.44
1.76,73.85,396.96,21.1,12.97,30.08,44.41,20.51,17.33
1.77,74.68,399.24,21.2,13.08,29.9,43.95,20.4,17.19
1.8,74.64,397.53,21.24,12.84,30.3,44.26,20.55,17.15
1.8,74.29,388.37,21.22,12.64,29.79,43.14,20.15,17.27
1.8,74.15,381.91,20.89,12.23,29.07,41.9,19.74,16.91
1.78,73.04,371.21,20.92,11.9,28.37,41.26,19.69,16.65
1.84,73.26,373.5,21.07,12.21,29.08,42.7,19.54,16.72
1.85,72.99,378.56,21.17,12.3,29.01,43.02,19.26,16.73
1.84,73.31,375.7,21.14,12.23,28.87,43.61,19.28,16.84
1.83,72.65,373.17,21.01,12.48,28.57,43.05,19.34,16.94
1.8,71.91,366.71,20.87,12.12,27.85,42.08,19.12,16.69
1.83,72.36,369.08,21.19,12.27,28.73,41.99,19.06,16.9
1.79,73.19,367.85,21.07,11.95,28.57,41.69,19.03,17.04
1.81,73.5,370.14,21.05,12.04,28.53,40.98,18.7,17.15
1.83,73.26,370.63,21.35,12.09,28.56,41.17,18.81,17.39
1.85,73.23,370.96,21.44,12.13,28.74,41.63,18.73,17.64
1.92,74.58,380.12,21.74,12.46,29.92,43.62,18.81,18.25
1.93,74.28,380.44,21.79,12.75,30.03,44.69,19.03,18.37
1.91,74.48,380.28,21.77,12.77,29.79,47.62,19.41,18.45
1.9,74.48,379.54,21.67,12.61,29.44,48.5,19.51,18.75
1.9,74.09,382.32,21.62,12.77,29.75,50.23,19.56,18.78
1.96,73.97,384.45,21.66,12.64,29.83,50.35,19.53,18.76
1.92,73.44,378.97,21.59,12.52,29.02,49.4,19.6,18.6
1.95,73.62,380.53,21.75,12.66,29.18,50.95,19.85,18.43
2.02,74.52,388.54,22.06,12.91,29.6,51.76,19.66,18.63
2.05,75.7,389.11,21.92,13.09,29.88,51.94,19.83,18.72
2.04,75.74,384.61,21.72,13.08,29.92,50.24,19.64,18.63
2.08,76.05,387.06,21.93,13.23,29.85,49.94,19.99,18.74
2.04,75.73,382.08,21.99,12.92,29.6,49.25,19.95,18.74
2.08,76.12,384.37,22.15,13.08,29.61,50.11,19.71,19.13
2.21,75.99,384.37,22.36,13.27,29.03,50.57,19.74,19.53
2.22,76.04,384.86,22.54,13.28,28.98,49.77,19.74,19.65
2.23,75.72,388.29,22.69,13.49,28.74,49.6,19.89,19.84
2.19,75.24,385.68,22.71,13.29,28.57,49.77,19.85,19.62
2.23,75.68,384.12,22.88,13.58,28.62,49,19.88,19.84
2.28,76.33,386.17,23.28,13.89,28.87,50.81,20.03,19.88
2.24,75.66,387.8,23.31,13.71,29.35,51.02,20.01,19.91
2.28,75.29,382.57,22.55,13.46,29.25,51.8,19.94,20.37
2.2,74.58,380.28,22.64,13.29,28.86,53.39,19.64,20.45
2.2,74.23,378.73,22.65,13.47,28.29,53.71,19.52,20.69
2.2,74.11,380.12,22.7,13.29,28.31,54.4,19.21,20.81
2.18,73.57,376.27,22.43,12.75,27.75,52.56,19.44,21
2.1,73.18,374.07,22.19,12.69,27.53,52.59,19.3,20.82
2.09,72.05,371.53,22.3,12.7,27.37,51.24,19.31,20.7
2.06,71.76,373,22.44,12.7,28.04,51,19.52,20.76
2.04,70.33,369.24,22.21,12.54,27.26,49.5,19.58,20.54
2.03,70.53,368.1,22.54,12.87,27.3,48.32,19.59,20.15
1.97,70.71,367.04,22.84,12.86,27.44,49.05,19.82,20.07
1.98,71.67,370.31,23.01,12.86,27.67,49.6,19.71,19.83
2,70.73,368.67,23.21,12.82,27.49,49.5,20.53,19.57
2.23,70.64,361.4,23.38,12.76,27.33,48.67,20.62,19.47
2.18,70.86,356.57,23.19,12.61,26.59,47.1,20.55,19.57
2.16,71.72,359.6,23.28,12.72,25.89,46.02,20.64,19.69
2.18,72.61,360.09,23.27,12.4,26.65,46.99,20.81,19.82
2.14,71.72,359.19,22.84,12.34,26.62,44.76,20.44,19.24
2.14,72.36,364.58,23.04,12.44,26.66,45.82,20.37,19.5
2.08,71.34,362.21,22.79,12.46,26.34,39.98,20.01,19.31
2.11,71.54,358.13,22.64,12.52,25.74,38.78,19.94,18.96
2.19,72.2,358.86,22.98,12.63,26.5,39.11,20.31,19.13
2.18,72.18,360.58,23.33,12.98,26.25,37.97,20.18,18.78
2.21,72.95,365.28,23.27,12.78,26.64,38.58,20.13,17.82
2.19,73.2,363.71,23.3,12.58,26.92,38.92,20.32,17.97
2.14,72.89,365.61,23.3,12.86,27.12,38.3,20.29,17.64
2.12,72.06,363.3,23.03,12.57,26.28,37.61,20.14,17.18
2.15,72.28,366.27,23.04,12.56,26.09,37.12,20.07,17.12
2.12,71.62,361.57,22.58,12.14,25.52,35.61,19.86,16.81
2.01,70.33,356.29,22.09,12.03,25.09,35.49,19.46,16.26
2.05,70.39,358.6,22.32,12.04,25.06,35.32,19.33,16.5
2.13,71.61,364.46,22.48,12.24,25.24,37.1,19.76,16.71
2.1,70.51,365.86,22.56,12.16,24.93,36.56,19.47,16.6
2.05,69.26,362.15,22.15,11.85,24.75,36.29,19.1,16.25
2.09,70.7,363.05,22.34,11.8,24.94,36.13,19.07,16.16
2.08,70.79,369.32,22.63,12.02,25.99,37.95,19.03,16.54
2.09,70.81,372.54,22.52,12.1,26.45,38.23,19.49,16.64
2.15,71.73,376.5,22.97,12.22,26.73,39.36,19.57,16.85
2.08,71.52,375.02,22.92,11.97,27.1,38.63,19.66,16.89
2.08,71.83,379.06,22.88,12.06,27.24,39.51,20,17.22
2.1,71.32,377.99,22.78,12,27.17,39.45,19.69,17.26
2.16,71.37,378.81,22.86,11.89,27.3,39.05,19.86,17.35
2.24,71.67,381.95,22.98,11.93,27.5,40.3,19.91,17.35
2.34,71.35,383.27,22.98,11.94,27.67,40.19,20.03,17.33
2.32,71.57,385.41,22.96,12.07,27.07,39.9,20.08,17.4
2.31,71.11,382.85,22.82,11.93,26.67,38.31,19.95,16.92
2.33,71.35,384.25,22.98,12.06,26.01,38.14,19.97,16.97
2.43,70.96,383.18,23.04,11.88,26.14,38.24,20.09,17.27
2.41,71.25,387.88,23.21,12.27,27.39,39.18,20.31,17.37
2.38,71.1,386.4,23.01,12.15,27.43,38.74,20.51,17.69
2.42,71.59,389.45,23.36,12.45,27.7,38.51,20.23,17.69
2.46,72.34,386.23,23.58,12.18,27.42,38.01,20.32,17.99
2.41,72.83,387.31,23.72,12.11,27.38,38.07,20.28,18.11
2.43,73.1,389.7,23.74,11.93,28.2,38.57,19.99,18.35
2.41,72.87,387.72,23.65,12.05,28.46,40.01,20.08,18.63
2.4,73.06,389.29,23.7,11.95,28.11,42.67,20.39,18.51
2.38,72.77,387.55,23.49,11.8,29.41,42.21,20.34,18.51
2.46,72.56,389.2,23.49,11.92,29.98,42.57,20.39,18.62
2.51,72.24,387.31,23.98,12.16,29.84,42.96,20.45,18.83
2.55,72.21,374.52,23.97,12.08,29.9,43.27,20.3,18.75
2.57,72.22,376.58,24.15,12.16,30.22,43.29,20.52,18.75
2.5,71.03,366.11,23.77,11.97,29.9,41.38,19.96,18.37
2.52,70.67,361.98,23.56,11.8,29.99,41.83,20.05,18.3
2.52,71.14,364.21,23.55,11.8,30,40.94,20.39,18.5
2.54,70.91,359.75,23.34,11.87,29.85,39.93,20.65,18.18
2.57,71.18,365.53,23.48,11.9,29.91,39.43,20.66,18.43
2.62,71.6,368.75,23.58,11.85,30.75,40.84,20.61,18.59
2.62,72.24,363.96,23.67,12.01,30.32,40.86,20.71,18.73
2.62,73.06,370.15,23.94,12.13,30.6,40.47,20.79,18.96
2.62,73.44,368.99,24.05,12.1,30.79,41.01,20.69,19.13
2.66,73.57,367.26,24,12.1,30.62,40.96,20.65,18.9
2.75,74.18,369.08,24.23,12.12,30.82,41.36,20.57,18.97
2.68,73.65,369.24,23.93,11.85,30.8,41.15,20.64,18.55
2.64,73.06,367.59,23.78,11.92,30.4,40,20.65,18.56
2.61,72.99,370.07,23.96,11.92,30.86,40.15,20.45,18.63
2.59,72.46,369.57,23.98,11.81,30.8,40.22,20.36,18.19
2.69,71.6,363.88,23.76,11.7,30.9,39.98,21.33,17.95
3.04,71.43,360.5,23.58,11.21,31.1,39.1,21.49,17.92
3.08,71.49,362.48,23.65,11.33,31.76,38.55,21.42,18.15
3.23,72.39,364.79,23.89,11.45,32.17,39.27,21.58,18.25
3.21,75.3,359.59,23.56,11.05,31.66,38.33,21.43,18.24
3.21,74.83,357.11,23.41,11.03,31.29,38.35,21.28,18.52
3.24,74.23,354.31,23.52,11.16,31.99,39.47,21.07,18.44
3.21,73.63,351.09,23.22,11.09,31.87,34.6,21.07,17.95
3.22,74.51,351.26,23.19,10.86,31.9,33.97,20.97,17.57
3.24,74.99,357.53,23.7,10.98,32.49,33.83,21.33,17.57
3.4,75.83,362.56,23.93,11.23,33.17,34.23,21.57,17.57
3.53,75.41,368.47,23.99,11.34,33.31,34.45,21.45,17.71
3.54,75.62,369.39,24.05,11.22,33.17,34.13,21.54,17.81
3.55,75.92,368.89,24,11.4,33.45,35.1,21.86,17.93
3.62,76.22,373.8,24,11.4,33.14,36.24,21.57,18.09
3.74,76.84,377.04,24.2,11.41,33.53,35.92,21.66,18.52
3.68,77.83,383.7,24.73,11.87,34.65,36.91,21.89,18.99
3.7,78.59,384.04,24.8,11.9,34.39,36.56,22.21,19.09
3.68,78.82,385.04,24.75,11.86,34.15,37.32,22.32,19.1
3.66,78.82,384.7,24.96,12.13,33.35,37.4,22.3,19.01
3.7,79.02,383.37,24.89,11.98,33.44,38.09,22.59,18.84
3.74,80.02,385.12,25.23,12.27,33.49,38.83,22.79,20.68
3.75,80.47,391.86,25.55,12.26,33.46,40.46,22.96,20.69
3.74,80.97,388.53,25.44,12.36,34.53,40.89,22.9,20.95
3.72,80.1,383.37,25.44,12.24,33.94,40.07,22.66,20.44
3.71,80.58,384.45,25.62,12.33,34.31,39.9,22.88,20.42
3.75,80.28,382.21,25.96,12.35,34.73,40.37,22.54,20.31
3.73,79.73,375.88,25.56,12.19,33.81,38.55,22.05,19.99
4.15,80.29,376.05,25.44,12.14,33.05,38.05,22.11,19.99
4.14,80.43,376.38,25.24,12.14,33.11,38.31,22.65,20.33
4.33,80.58,378.96,25.12,12.13,33.09,38.75,22.88,20.52
4.37,79.96,378.13,24.98,12.27,33.01,39.09,23.01,20.35
4.63,80.62,374.3,24.88,12.26,32.37,38.94,23.14,20.12
4.54,79.55,372.55,24.92,12.21,31.58,39.68,23.14,19.85
4.59,80.94,382.46,25.39,12.18,31.9,39.98,23.49,19.99
4.41,80.84,380.96,25.33,12.26,32.06,40.17,23.65,19.74
4.24,81.95,380.04,25.25,12.33,31.84,40.09,23.54,19.64
4.45,82.45,384.37,25.14,12.29,31.59,39.49,23.39,20.23
4.25,81.12,382.96,24.89,12.26,31.29,38.2,23.5,19.63
4.28,81.59,385.37,25.17,12.24,31.99,38.72,23.71,20.25
4.33,82.31,386.62,25.39,12.27,32.45,39.82,23.92,20.56
4.41,81.61,382.21,25.86,12.25,31.83,39.05,23.82,20.49
4.39,81.42,389.37,26.42,12.26,31.42,39.83,24.07,20.48
4.42,82.15,390.2,26.35,12.33,31.39,40.44,24.02,20.53
4.41,82.16,393.86,26.35,12.31,32.97,41,24.42,20.61
4.5,82.26,391.7,26.16,12.25,32.49,40.05,24.58,20.38
4.4,81.21,388.12,25.9,12.35,31.68,40.01,24.49,20.39
4.24,81.5,388.7,26.16,12.63,31.83,38.95,24.38,20.21
4.31,81.9,392.86,26.2,12.67,32.18,39.39,24.53,20.69
4.31,82.4,402.19,26.12,12.77,32.48,39.52,24.48,21.13
4.33,82.49,405.85,26.07,12.75,32.45,38.93,24.33,21.02
4.27,82.31,402.19,25.93,12.7,32.49,42.25,24.2,20.87
4.34,82.98,402.52,26.01,12.82,32.9,44.63,24.43,20.86
4.36,82.88,399.69,25.92,12.7,33.3,44.82,24.48,20.86
4.38,82.98,399.86,25.95,12.75,33.39,44.97,24.37,20.98
4.36,83.22,401.1,25.88,12.61,33.29,44.29,24.13,20.85
4.28,82.52,401.85,25.94,12.67,33.27,44.52,23.95,20.49
4.32,81.63,398.44,25.63,12.63,32.38,42.14,24.15,20.47
4.36,81.46,403.44,25.48,12.43,32.58,41.77,23.96,20.44
4.37,81.21,407.35,25.68,12.45,31.15,41.05,24.15,20.4
4.68,80.85,405.02,25.52,12.62,30.96,42.32,23.99,20.32
4.66,80.77,402.44,25.46,12.53,31.4,41.84,23.84,20.72
4.37,80.2,401.44,25.1,12.43,31.53,41.64,23.41,20.77
4.43,80.37,400.19,25.3,12.33,31.83,42.3,23.59,20.65
4.72,79.73,396.28,24.98,12.13,31.79,42.6,23.25,20.53
4.75,79.44,395.53,25.18,12.11,32.23,44.55,23.57,20.79
4.78,80.11,401.02,25.5,12.13,32.4,44.58,23.78,21.37
4.73,78.59,399.94,25.13,12,32.19,43.96,23.8,21.12
4.77,78.51,397.69,25.08,11.59,31.4,42.36,23.67,21.05
4.77,77.98,399.02,24.91,11.29,31.32,41.16,23.52,20.58
4.79,77.49,402.6,25,11.26,30.96,40.38,23.89,19.89
4.87,77.82,403.85,25.31,11.4,30.32,40.94,24.04,19.71
4.89,77.62,403.6,25.16,11.59,31.24,41.34,24.08,19.92
4.91,77.65,404.27,25.25,11.45,30.78,42.31,24.18,20.1
5,78.41,402.77,25.35,11.4,30.25,42.22,24.08,19.81
5.2,78.86,408.35,25.62,11.43,30.19,43.22,24.38,19.6
5.24,79.23,411.93,25.72,11.35,31.05,42.48,24.07,19.41
5.39,79.6,413.59,25.7,11.52,30.81,41.88,23.91,19.84
5.26,78.96,412.84,25.57,11.38,31.04,35.75,24.13,19.98
5.33,79.78,418.13,25.7,11.47,31.37,35.72,24.51,20.12
5.34,79.8,417.71,25.69,11.65,31.18,35.69,24.67,20.26
5.47,79.61,415.61,25.83,11.42,31.1,36.3,24.4,20.08
5.33,78.4,413.09,25.59,11.39,30.47,35.89,24.06,19.8
5.3,78.45,411.41,25.56,11.37,30.51,35.78,24.16,21.15
5.49,78.91,414.94,25.69,11.33,30.5,35.78,24.27,21.64
5.72,79.14,413.68,25.75,11.37,30.69,36.03,24.54,21.82
5.98,79.78,414.94,25.8,11.42,31.15,36.14,24.96,21.79
6.1,80.03,413.09,25.68,11.5,30.92,35.66,24.54,22.37
5.94,79.29,409.9,25.55,11.28,30.83,35.69,24.3,22.28
5.87,78.89,407.96,25.44,11.25,30.22,35.31,24.33,22.47
5.77,78.08,402.76,25.06,11.07,29.06,34.72,24.05,21.76
5.97,77.9,406.37,25.01,11.12,29.08,34.14,24.42,21.88
6.02,78.35,405.7,25.36,11.11,28.85,34.69,24.57,22.25
6.02,78.49,405.53,25.41,11.28,29.01,34.99,24.82,22.2
6.07,78.3,400.82,25.11,10.98,30.32,35.18,24.9,22.56
6.02,78.91,402.17,25.13,11,30.58,35.39,25.09,22.76
5.97,78.59,404.27,25.4,10.82,30.26,35.5,25.05,22.78
5.65,78.16,402.92,25.36,10.85,29.41,35.65,25.15,22.65
5.79,78.12,406.54,25.77,10.76,29.86,35.85,25.56,22.97
5.78,77.47,407.12,25.78,10.87,30.03,36.32,25.75,23.21
5.48,77.92,407.12,25.73,10.81,29.75,35.83,25.2,23.01
5.32,78.11,402.17,25.5,10.71,29.83,35.4,24.48,22.93
5.39,78.16,404.44,25.78,10.74,29.51,34.91,24.65,22.71
5.45,77.4,401.41,25.56,10.75,29.32,34.75,24.53,22.54
5.45,77.73,405.02,25.84,10.75,29.69,34.6,24.81,22.67
5.54,77.29,401.5,25.69,10.61,28.97,34.18,24.41,22.18
5.57,76.67,397.89,25.41,10.34,28.98,33.87,24.33,21.9
5.72,76,396.79,25.24,10.13,28.86,33.97,23.93,22.22
5.81,75.51,393.52,25.6,9.89,28.87,34.16,24.01,22.21
5.91,75.71,384.36,25.69,9.99,28.83,33.67,23.84,22.1
5.79,75.7,373.27,25.33,9.69,28.91,33.15,23.67,22.14
5.76,76.56,373.36,25.33,9.54,28.84,33.18,23.67,22.22
5.75,76.71,373.95,25.49,9.8,29.04,32.88,23.77,22.21
5.75,77,376.05,25.66,9.74,29.71,33.39,23.73,21.93
5.65,76.63,372.52,25.35,9.78,29.4,33.43,23.35,21.92
5.79,76.69,377.31,25.83,9.93,29.92,34.32,23.82,22.26
5.64,77.29,377.47,25.73,9.83,30.31,34.27,23.44,22.38
5.53,76.49,374.79,25.31,9.7,28.4,34.01,23.33,21.98
5.56,76.39,374.53,25.14,9.63,27.99,35,23.32,21.91
5.67,75.76,377.47,25.33,9.63,28.22,35.28,23.49,22.35
5.73,75.27,379.24,25.33,9.64,28.63,34.82,23.7,22.83
5.89,74.8,381.84,25.53,9.81,28.7,34.9,23.69,22.74
5.92,74.09,381.34,25.5,9.57,28.3,34.6,23.44,22.37
5.67,72.91,383.1,25.56,9.06,28.64,34.6,23.18,22.09
5.77,72.53,390.16,25.75,8.73,28.91,34.63,23.26,22.13
5.55,71.53,384.78,25.43,8.72,28.54,34.3,23.5,22
5.04,70.74,381.34,25.33,8.46,27.83,33.97,23.15,21.78
4.78,64.87,384.28,25.51,8.25,27.33,33.02,22.81,21.54
4.82,64.83,388.14,25.69,8.11,27.67,33,22.65,21.48
5.02,63.84,389.32,25.69,8.05,27.67,32.78,22.71,21.56
4.8,60.9,387.47,25.34,8.11,27.26,33.25,22.53,21.13
5.03,62.61,388.65,25.77,8.52,27.55,33.73,22.47,21.46
4.8,62.77,389.07,25.76,8.58,27.38,33.04,22.62,21.37
5,63.1,392.93,25.96,8.5,27.77,33.53,22.79,21.51
4.9,63.8,391.59,25.81,8.31,27.67,32.71,22.58,21.34
4.86,65.17,395.2,25.97,8.19,28.25,31.72,22.7,21.44
4.81,64.2,391.64,25.45,8.02,27.87,32.52,22.29,21.6
4.88,64.6,398.16,25.83,7.99,28.32,32.36,22.06,21.89
4.93,64.71,394.52,25.86,8.09,28.38,33.1,22.26,21.82
4.9,64.68,396.81,25.76,8.31,28.52,33.21,22.43,21.84
5.03,65.19,398.25,25.83,8.91,28.92,33.96,22.68,22.36
4.96,63.86,397.49,25.58,8.51,28.98,33.96,22.53,24.06
5.04,63.82,395.03,25.58,8.56,28.98,34.52,22.11,23.8
5,63.58,397.23,25.85,8.73,29.27,34.64,22.67,23.83
4.93,62.16,393.25,25.56,8.58,29.29,34.23,22.65,24.03
4.82,62.14,395.96,25.82,8.46,29.18,33.82,22.47,24.36
4.62,61.58,393.5,25.59,8.2,28.54,33.85,22.41,23.85
4.7,62.04,389.26,25.47,8.16,28.18,33.9,22.32,23.85
4.81,63.04,396.81,25.86,8.25,29.09,34.54,22.49,24.16
4.78,63,399.86,26.01,8.17,29.87,34.73,22.56,25.04
4.85,64.76,404.78,26.33,8.7,30.66,35.33,23.02,25.47
5.08,65.43,405.63,26.34,8.78,30.48,35.59,23.31,25.31
5.08,64.8,405.29,26.4,8.77,30.58,35.5,23.29,25.67
5.38,64.88,403.59,26.53,8.92,30.81,35.68,23.57,25.73
5.37,64.29,404.52,26.45,8.75,30.71,35.54,23.23,26.27
5.38,64.45,402.32,26.3,8.74,30.46,35.25,23.25,25.97
5.51,65.42,401.73,26.36,8.8,30.86,35.45,23.69,26.17
5.49,65.38,400.88,26.31,8.83,30.85,35.5,23.53,26.26
5.38,64.07,399.44,26.03,8.75,30.62,35.51,23.29,26.13
5.45,65.16,404.61,26.35,8.7,31.67,36.5,23.35,26.32
5.42,65.59,404.52,26.33,9.01,32.18,36.41,23.42,26.87
5.17,64.27,403.25,26.18,8.68,31.97,35.59,22.96,25.81
5.13,63.6,404.35,26.12,8.74,32.33,35.77,22.89,26.46
4.94,63.64,404.1,26.28,8.82,33.17,35.35,22.26,25.95
4.99,63.43,404.86,26.26,8.85,32.76,34.83,22,25.68
5.09,63.54,404.27,26.25,8.79,33.05,35.2,21.81,25.92
4.84,63.41,403.93,26.13,9.06,33.16,34.95,22.23,24.94
4.86,63.64,403.59,26.08,9.23,33.25,34.87,21.91,25.11
4.87,63.51,401.98,25.98,9.49,38.14,35.04,22.05,26.06
5.02,64.7,401.9,25.91,9.79,38.99,35.24,21.79,26.18
5.14,65.34,403.08,25.76,9.97,38.51,35.58,21.92,26.48
5.18,64.78,402.4,26.04,9.89,38.44,35.31,21.83,26.28
5.09,64.92,401.64,25.88,9.75,38.37,35.69,21.87,25.79
5.12,64.8,401.22,25.79,9.8,38.39,35.38,21.86,26.24
5.22,65.49,402.23,25.49,9.37,38.54,35.22,21.84,25.88
5.26,63.95,397.49,24.88,9.12,38.27,35.43,21.5,25.39
5.11,62.76,398.08,24.97,8.96,38.18,35.02,21.28,25.6
5.02,62.65,396.55,24.85,8.88,38.07,34.5,21.19,25.84
5.05,63.86,398.67,25.23,9.12,38.91,33.71,21.25,26.15
4.92,63.37,396.64,25.13,9.13,38.9,33.35,21.01,26.25
4.98,62.92,391.98,24.88,8.98,38.62,33.09,20.89,25.97
4.94,63.32,391.38,24.94,9.04,38.75,32.91,21.03,26
5.14,63.42,393.93,24.93,9.12,39.87,34.08,21.05,26.29
5.06,64.29,392.57,24.64,9.08,39.88,34.06,20.85,27.08
5.09,65.62,392.31,24.54,9.01,39.76,33.96,21.07,27.26
5.17,67.25,394.35,25.12,9.14,41,34.74,21.56,27.1
5.15,66.96,390.96,25.21,9.39,41.48,35.59,21.8,27.06
5.17,67.88,390.03,25.2,9.46,42.08,36.31,21.95,26.75
5.19,69.07,387.82,25.26,9.38,41.92,36.51,22.27,26.59
5.51,69.89,394.26,25.58,9.55,42.25,37.19,22.28,26.68
5.62,69.86,393.59,25.51,9.65,42.76,37.15,23.32,26.9
5.61,69.38,381.55,25.27,9.59,42.67,37.19,23.26,27.06
5.84,70.98,376.46,25.36,9.51,43.03,38.17,23.22,26.55
5.9,71.74,374.85,25.34,9.59,42.7,38.17,23.26,26.2
5.86,71.57,374.34,25.13,9.33,41.62,37.95,23.17,26
5.95,71.61,376.63,25.18,9.4,42.2,37.95,23.29,26.21
5.93,71.4,377.56,24.96,9.31,41.47,37.95,23.05,26.24
5.9,71.34,378.15,24.91,9.53,42.19,37.74,22.85,26.42
5.95,71.12,376.37,24.98,9.54,43.88,43.65,22.64,26.23
5.93,71.06,375.6,25.04,9.56,44.21,45.68,22.79,26.93
5.77,70.78,372.52,24.77,9.51,43.16,45.15,23.46,30.05
5.78,70.75,374.23,24.59,9.61,43.76,44.93,23.47,29.72
5.84,70.65,377.4,24.59,9.63,43.49,46.51,23.69,30.12
5.85,71.28,377.23,24.56,9.52,43.84,46.11,23.8,30.69
5.78,70.49,376.12,24.42,9.42,43.29,45.46,23.48,30.1
5.82,70.69,373.63,24.27,9.17,42.59,45.27,23.56,29.89
5.77,70.86,370.81,24.24,9.18,41.67,45.66,24.19,29.24
5.93,70.98,373.38,24.51,9.24,42.08,45.93,24.42,29.23
5.87,69.72,370.81,24.32,9.21,41.6,44.76,24.61,29.44
5.95,70.27,372.61,24.77,9.17,41.14,45.21,26.11,29.91
6.24,69.87,373.55,24.59,8.98,41.92,44.2,25.03,29.93
6.45,70.13,375,24.56,8.99,42.72,45.04,25.29,29.81
6.26,69.11,378,24.32,8.91,41.49,44.27,24.97,29.03
6.38,69.11,377.66,24.48,8.79,41.48,44.12,25.49,29.12
6.26,68.98,378.6,24.4,8.64,41.16,43.73,25.13,28.79
6.2,70.35,378.17,24.37,8.64,40.27,43.72,25.12,28.8
6.21,70.22,378.52,24.39,8.64,40.1,43.77,25.06,29.17
6.19,69.73,373.03,24.39,8.68,39.69,43.42,24.87,28.99
6.19,69.13,368.67,24.08,8.78,38.4,42.37,24.82,28.77
6.23,68.94,370.55,24.05,8.69,39.51,42.31,25.06,28.73
6.19,68.33,369.1,23.96,8.65,38.88,42.37,25.2,28.47
6.2,69.14,372.86,24.12,8.65,39.17,42.79,24.97,28.86
6.3,68.46,370.47,23.86,8.63,39.51,42.49,24.39,28.56
6.34,68.53,374.83,24.13,8.83,40.28,42.7,24.42,28.46
6.26,67.61,374.32,23.79,8.61,39.7,41.84,23.75,28.55
6.25,67.55,375.77,23.93,8.73,38.97,41.51,24.01,28.23
6.6,68.87,379.37,24.37,8.82,39.9,43.62,24.58,29.42
6.59,68.84,380.74,24.42,8.97,40.36,43.73,25.36,29.49
6.73,68.69,380.57,24.3,8.78,40.41,42.96,25.12,29.55
6.94,69.23,382.03,24.39,8.76,41.23,42.95,25.7,29.79
6.95,69.26,385.45,24.72,8.78,42.56,44.5,25.44,29.72
6.88,68.64,386.22,24.61,8.69,37.85,43.93,24.93,29.32
6.71,68.41,385.19,24.44,8.82,37.91,43.1,24.36,28.92
6.75,68.01,385.62,24.68,8.73,37.44,42.71,25.18,29.41
6.93,68.29,389.22,24.75,8.79,37.33,42.8,25.77,29.6
7.12,67.52,388.45,24.44,8.6,35.7,42.75,25.21,29.33
7.2,66.9,386.65,24.29,8.64,35.08,41.87,24.55,28.94
7.05,65.93,383.82,24.09,8.55,34.65,41.25,23.65,28.48
7.02,66.48,386.91,24.06,8.61,35.66,42.08,24.91,28.21
7.2,66.3,387.42,24.14,8.67,36.27,42.19,24.57,28.37
7.28,65.8,386.14,24.04,8.82,36.9,43.34,25.03,28.62
7.23,66.3,386.14,24.31,8.72,36.99,43.16,24.84,28.6
6.91,67.58,386.91,24.2,8.81,36.45,43.37,24.91,28.57
7.08,68.31,390.85,24.32,8.73,36.44,44.79,25.2,29.04
7.25,68.19,389.82,24.33,8.73,36.85,45.3,25.21,29.6
7.36,68.39,389.73,24.01,8.76,36.11,46.01,25.49,29.35
7.27,68.1,388.28,23.74,8.66,35.42,44.93,24.75,29.83
7.14,67.85,387.68,23.62,8.34,34.65,44.49,24.72,28.53
6.99,67.75,389.05,24.27,8.25,35.88,44.01,24.63,28.35
6.94,68.43,388.88,24.73,8.17,36.06,43.72,24.25,28.83
6.81,69.07,387.34,24.56,7.91,35.44,43.76,24.34,28.63
6.98,70.72,383.65,24.42,7.71,35.77,43.4,24.34,28.23
6.66,69.87,381.94,24.42,7.69,34.71,42.55,23.84,27.68
7.27,69.88,382.97,24.58,7.96,35.36,42.62,24.12,28.25
7.31,70,385.71,24.82,7.62,36.65,43.79,24.33,28.38
7.23,70.21,383.74,24.58,7.67,36.47,45.02,24.61,28.45
7.06,70.96,380.74,24.57,7.5,35.69,44.65,24.44,28.6
7.43,71.55,384.42,24.87,7.5,36.32,45.86,25.36,29.59
7.59,70.7,379.71,24.48,7.45,37.15,45.01,24.39,29.47
7.53,70.84,379.46,24.37,7.3,37.25,45.95,24.45,29.84
7.68,70.95,385.79,24.66,7.61,38.4,46.93,24.93,30.82
7.59,70.86,386.82,24.5,7.64,37.71,46.17,24.84,30.85
7.72,70.46,390.93,24.35,7.54,37,39.75,24.32,30.61
7.5,69.97,388.88,24.27,7.21,35.91,39.06,23.75,29.66
7.37,69.21,393.07,24.61,7.19,36.1,38.95,24.3,30.74
7.79,69.6,392.05,24.5,7.46,37.47,39.86,23.78,31.79
7.78,69.36,388.79,24.28,7.37,37.63,40.37,23.91,32.4
8.11,68.91,390.08,24.43,7.41,39.02,40.75,24.28,33.06
8.37,70.44,393.02,24.56,7.51,40.39,41.56,25.01,33.12
8.27,70.56,394.31,24.58,7.43,41.13,41.09,25.16,33.07
8.15,71.07,401.49,24.58,7.48,40.99,41.39,25.36,32.34
8.1,70.85,402.96,24.4,7.4,39.62,41.95,25.59,31.98
8.13,70.59,404.86,24.51,7.2,39.39,41.4,25.09,32.38
8.28,71.57,412.73,24.93,7.01,40.2,42.18,25.52,30.81
8.33,72.05,415.07,25.04,7.14,39.83,42.68,25.96,31.18
8.31,71.88,417.14,24.86,7.11,39.37,42.53,26.06,31.41
8.43,72.88,412.13,24.86,7.03,37.16,44.45,25.59,31.88
8.79,73.74,412.39,24.96,6.86,38.01,45.3,25.19,31.69
8.73,74.04,414.55,25.05,6.99,38.33,46.74,25.49,31.97
8.73,74.79,418.61,25.83,7.53,38.87,47.98,25.42,31.89
8.79,74.38,419.48,26.16,7.46,39.83,47.99,25.4,31.97
9,74.98,423.02,26.06,7.48,40.77,48.85,25.34,31.84
9.08,75.67,426.65,25.97,7.56,41.49,48.24,25.89,32.59
9.38,75.67,428.21,26.16,7.46,42.87,48.06,25.7,32.63
9.42,75.93,426.31,26,7.49,42.45,48.35,26.08,32.25
9.21,75.92,424.49,25.96,7.65,41.27,48.55,26.06,32.27
9.17,75.75,419.82,25.81,7.29,40.84,48.46,26,32.49
9.69,76.02,422.42,25.83,7.26,41.22,49,27.14,33.38
9.83,75.54,421.73,25.65,7.31,41.36,49.06,26.81,33.64
9.72,75.35,422.42,25.85,7.22,41.68,48.83,26.55,33.49
10.02,75.96,422.76,25.87,7.27,41.76,49.26,27.01,33.02
10,75.6,421.12,25.7,7.35,41.44,48.83,27.08,32.97
10.02,74.56,419.39,25.55,7.32,42.33,48.35,26.74,33.56
10.06,74.11,422.94,25.68,7.33,42.47,48.74,26.76,33.98
10.13,73.25,420.95,25.69,7.34,42.2,49.07,26.48,34.05
10.14,71.33,427.52,25.63,7.29,37.2,49.5,27.09,33.6
9.74,70.84,429.25,25.85,7.31,37.84,49.41,27.27,33.79
9.76,71.18,424.58,26.01,7.32,37.99,49.48,26.87,33.53
9.62,71.04,426.91,26.06,7.44,38.07,49.21,26.69,33.86
9.66,70.52,425.18,25.88,7.38,37.01,48.37,26.19,33.96
9.76,70.28,425.53,25.68,7.22,37.35,48.14,26.23,33.62
9.94,70.83,426.05,25.52,7.19,36.79,48.97,26.45,33.54
10.01,70.91,425.36,25.78,7.13,36.62,49.22,26.56,33.86
9.92,71.13,425.79,25.78,7.08,37.51,49.22,26.54,33.79
10.04,70.72,420.69,25.52,7.07,36.99,48.56,26.19,33.28
9.95,70.76,419.13,25.55,7.03,37,48.06,26.26,34.89
9.67,70.21,420.08,25.61,7,37.27,47.99,26.22,34.52
9.73,70.04,419.65,25.51,6.92,36.88,47.15,25.9,34.14
10.11,69.92,426.22,25.74,7.02,37.94,47.58,25.75,34.01
10.14,69.83,418.35,25.71,7.18,37.36,47.25,25.98,34.28
10.06,70.3,420.43,25.64,7.48,36.9,47.65,26.01,33.97
10.32,72.39,420.43,25.81,7.64,39.91,47.87,26.16,34.16
10.29,71.35,418.44,25.75,7.73,40.54,47.08,26.66,34.25
10.94,71.64,419.74,25.61,7.86,40.93,45.65,26.68,34.49
11.35,71.72,423.54,25.79,8,40.91,44.93,27.14,34.52
11.4,71.21,423.97,25.47,7.67,40.58,44.36,26.72,34.64
11.58,70.87,423.02,25.55,7.66,40.59,44.4,26.48,33.26
11.46,70.72,418.78,25.43,7.45,40.74,44,26.57,33
11.16,71.41,418.18,25.34,7.36,41.2,44.32,26.88,33.43
10.69,70.8,414.55,25.24,7.37,41.5,44.45,27.04,33.74
10.29,69.33,395.09,24.29,7.08,41.4,43.92,27.54,32.93
10.51,69.37,397.77,24.23,7.46,41.31,43.73,27.43,33.15
10.29,68.89,397.86,23.99,7.53,41.09,44.02,27.54,33.05
10.04,68.94,399.76,23.84,7.73,41.32,43.6,27.01,32.89
9.79,68.78,406.51,24.03,7.86,42.49,44.68,26.84,32.42
9.74,69.04,405.3,23.98,7.84,42.4,45.22,26.92,33.11
10.15,69.56,404.86,23.97,7.87,42.6,44.96,26.9,33.32
10.22,69.28,402.79,23.83,7.78,42.97,44.82,26.89,33.51
10.2,69.82,400.63,24.12,7.85,42.44,43.98,27.4,32.97
9.75,69.22,394.86,23.94,7.59,41.51,42.74,27.23,32.66
9.72,68.14,393.81,23.91,7.49,41.21,38.33,27.63,32.13
9.1,67.75,394.77,23.83,7.35,41.43,37.95,27.75,32.64
9.15,68.04,393.72,23.51,7.34,41.23,37.52,27.8,32.86
9.31,69.02,396.43,23.83,7.46,41.42,38.17,27.93,32.68
8.79,68.68,400.19,23.96,7.58,44.92,37.99,27.88,29.61
9.11,69.48,401.67,24.22,7.5,44.57,38.52,27.9,29.42
8.75,68.72,399.23,24.2,7.44,44.51,37.86,27.93,29.17
9.15,69.27,403.07,24.35,7.53,44.84,38.25,27.94,29.51
9.36,69.07,404.21,24.35,7.6,45.62,39.26,27.66,29.54
9.55,69.12,405.87,24.27,7.61,46.29,39.15,27.94,29.54
9.51,68.95,404.12,24.46,7.66,46.07,39.19,27.7,28.85
9.35,68.77,403.51,24.28,7.61,46.07,38.29,27.39,28.52
9.65,69.49,409.71,24.48,7.53,46.74,38.72,27.61,27.98
9.71,68.51,409.02,24.39,7.41,46.35,37.9,27.34,29.06
9.67,68.42,409.45,24.3,7.35,45.84,38.35,27.14,28.91
9.6,68.88,408.84,24.43,7.33,46.14,38.01,27.08,29.02
9.27,68.54,405.26,24.1,7.23,45.68,37.44,26.81,28.98
9.35,68.25,406.66,24.02,7.21,45.79,37.12,26.83,28.88
9.42,68.29,402.46,24.09,6.95,45.4,36.88,26.84,28.94
9.16,68.31,401.32,24.24,6.86,45.28,37.21,26.77,28.81
8.86,68.34,402.81,24.27,6.97,45.06,36.86,26.63,29.05
8.97,68.59,405.52,24.31,6.94,44.7,36.93,26.61,29.08
8.88,69.31,407.97,24.51,6.85,45.51,36.81,26.64,28.85
8.65,69.21,406.31,24.34,7.03,45.08,36.12,26.52,28.67
8.55,69.68,410.68,24.67,7.11,45.29,36.22,26.61,28.8
8.89,69.99,409.37,24.69,7.13,46.13,36.19,26.36,27.79
9.11,70.8,412.34,24.77,7.01,46.81,36.91,26.31,27.23
8.96,71.23,410.85,25.24,7.12,46.96,36.89,26.71,27.97
8.7,70.79,413.56,25.21,7.19,48.3,36.77,26.93,28.49
8.75,71.16,414.35,25.3,7.08,48.35,35.99,26.96,29.08
8.66,71.4,414.26,25.3,7.19,47.78,36.23,26.68,29.41
8.36,71.59,412.69,25.18,7.3,47.08,35.92,26.81,29.1
8.34,72.14,416.62,25.32,7.39,46.8,36,26.73,29.27
8.14,71.07,417.49,25.02,7.33,46.27,35.68,26.53,29.37
8.11,71.21,417.84,24.89,7.34,46.13,35.47,26.65,29.53
8.05,70.97,416.36,24.78,7.31,46.44,35.25,26.54,29.46
7.94,70.41,416.01,24.64,7.37,46.79,35.69,26.35,29.57
8.43,71.01,416.27,24.88,7.49,46.24,36.32,26.58,30.17
8.49,71.07,413.21,25.41,7.4,46.46,36.67,26.54,30.28
8.48,70.45,412.77,25.5,7.22,47.44,36.53,26.39,30.14
8.48,70.95,414.35,25.44,7.05,47.02,36.14,26.68,29.58
8.28,71.29,421.34,25.44,6.96,48.35,36.77,26.62,29.55
9.09,71.9,421.78,25.24,6.86,49.41,37.34,26.74,29.39
9.64,71.59,418.19,25.3,6.94,49.81,38.51,26.58,30.05
9.44,70.46,416.53,24.95,6.89,49.3,37.09,26.79,29.97
9.29,70.13,418.89,24.87,6.82,48.5,36.61,27.15,29.74
9.2,69.33,414.87,24.97,6.5,48.01,36.06,27.31,29.61
9.02,68.98,416.01,25.27,6.6,48.26,36.13,27.03,29.89
8.99,70.03,419.94,24.85,6.67,48.78,36.62,26.77,30.31
8.77,69.74,422.56,24.41,6.65,48.17,35.27,26.36,29.84
8.96,71.17,423.7,24.83,6.77,49.61,36.28,26.48,30.05
8.88,69.93,421.51,24.85,6.89,49.25,36.89,26.54,29.72
9.15,70.06,422.13,25.02,7.21,49.13,36.34,26.94,29.61
9.07,69.76,419.59,24.91,6.64,48.88,36.03,26.58,29.06
8.89,70.14,419.5,24.88,6.31,48.34,35.79,26.31,28.67
8.95,70.62,414.78,24.91,6.33,48.9,35.55,26,28.22
9.22,71.2,417.32,25.03,6.57,48.47,35.79,26.2,28.13
9.38,71.65,425.18,25.25,6.53,48.46,35.74,26.59,27.85
9.52,70.34,441.07,25.36,6.39,48.13,35.21,26.55,27.91
9.42,70.24,436.75,25.22,6.35,48.14,34.59,26.4,27.94
9.69,70.41,437.98,25.28,6.35,47.9,34.38,26.43,28.03
9.62,70.65,440.19,25.22,6.24,47.63,33.96,26.78,28.26
9.62,70.41,436.04,25.52,6.28,48.4,34.47,26.77,32.02
9.73,71.14,444.78,25.78,6.37,49.54,35.04,27.04,32.77
9.73,71.06,442.93,25.66,6.41,48.96,34.69,27.18,32.89
9.61,71.36,444.6,25.66,6.59,48.05,34.84,27.52,32.34
9.55,71.07,444.16,25.44,6.49,47.36,34.16,27.62,32.19
9.22,70.7,436.92,25.3,6.55,45.71,33.53,27.15,31.87
9.16,70.64,432.59,25.14,6.54,44.68,32.73,26.79,31.35
9.17,71.06,437.19,25.34,6.56,44.94,32.78,26.86,31.84
8.79,70.44,437.45,25.51,6.46,44.02,32.76,26.65,31.66
8.83,69.68,431.18,25.24,6.35,43.87,31.61,26.55,30.74
8.55,69.15,430.3,25.04,6.35,44.72,32.61,26.45,30.34
8.73,68.83,430.92,25.05,6.47,45.82,33.94,26.23,29.99
8.57,68.6,431.27,24.98,6.35,44.39,34.83,26.14,29.88
8.54,68.44,428.53,24.94,6.3,43.72,33.76,25.75,29.96
8.57,68.4,429.68,25.12,6.37,43.41,35.19,25.31,29.98
8.7,68.71,433.3,25.24,6.58,43.48,35.63,25.55,30.96
8.6,69.23,437.72,25.17,6.72,44.05,36.07,25.29,30.39
8.28,68.72,432.86,24.97,6.42,43.14,34.64,25.13,29.32
8.09,68.5,435.33,25.12,6.58,45.02,34.61,25.48,29.55
8.41,69.18,440.01,25.33,6.65,44.95,35.07,25.87,30.01
8.34,68.17,442.75,25.41,6.53,44.68,34.76,25.74,29.87
8.12,67.78,438.16,25.09,6.39,44.02,33.49,25.46,29.27
8.08,68.38,439.39,25.33,6.35,43.74,33.41,25.59,29.48
7.92,67.86,441.07,25.22,6.24,42.44,33.77,25.59,29.56
8.22,66.04,441.07,25.35,6.12,42.6,33.55,25.88,29.71
8.01,66.55,439.48,24.98,6.22,42.8,33.78,25.64,29.37
7.71,66.03,435.6,24.83,6.23,41.65,33.6,25.29,28.38
7.89,65.95,425.71,24.73,6.14,43.91,33.47,24.53,27.62
7.79,66.62,422.09,24.86,6.08,43.66,33.68,25.23,27.9
8.03,67.35,429.86,25.01,6.24,43.74,34.96,25.62,28.55
7.79,66.83,427.03,24.88,6.15,44.55,35.09,25.45,28.27
7.74,66.59,422.26,24.72,6.2,44.79,35.07,25.23,27.89
7.77,66.86,423.94,24.71,5.89,44.96,35.48,25.32,27.93
7.83,67.13,427.12,24.69,5.91,44.85,36.65,25.65,28.57
8.06,66.18,425.35,24.56,5.91,45.26,36.37,25,28.24
7.96,66.1,421.56,24.5,6,44.74,36.55,25.04,28.18
7.98,66.14,426.5,24.53,6.02,45.37,36.77,25.09,28.23
7.77,65.7,421.73,24.29,6.01,44.3,36.48,24.97,27.82
7.58,65.64,422.53,24.33,5.85,44.73,36.7,24.56,28.53
7.98,66.52,431.45,24.58,5.89,46.97,38.52,25.78,29.24
7.75,65.86,426.06,24.35,6.37,46.65,38.68,25.81,29.39
7.84,66.89,432.42,24.62,6.17,46.47,38.61,26.09,29.73
7.71,66.67,432.77,24.61,6.08,45.5,37.11,25.93,28.99
7.54,66.95,435.07,24.75,6.06,45.12,36.8,25.88,29.08
7.49,65.52,433.39,24.6,6.19,44.47,36.11,25.49,28.4
7.44,65.73,435.69,24.71,6.35,43.73,35.79,25.87,28.36
7.53,65.56,437.98,24.57,6.25,43.06,35.66,26.33,28.74
7.16,64.71,431.18,24.42,6.33,40.58,34.63,25.97,27.89
7.07,63.65,422.7,24.13,6.03,39.56,33.73,25.48,27.26
6.85,63.07,420.14,23.72,5.87,38.71,32.92,25.38,26.61
7.08,63.19,409.72,23.9,5.89,38.99,33.67,26.67,26.85
7.16,63.67,411.05,23.98,5.92,37.52,33.49,26.74,25.88
7.32,65.22,417.23,24.29,5.82,39.51,34.48,26.95,26.7
8.18,64.71,415.99,23.99,5.69,38.71,34.18,26.63,26.31
8.21,64.18,414.4,23.82,5.78,37.4,33.19,26.65,26.02
8.31,65.15,419.08,24.1,5.85,38.45,34.31,26.76,26.06
8.38,65.06,419,24.16,6.06,38.23,33.59,26.7,26
8.64,65.01,419.7,24.14,6.21,37.4,26.26,26.46,25.48
8.58,65.29,417.76,24.12,6.28,37.55,26.56,26.68,25.55
8.87,65.98,426.77,24.39,6.34,38.73,27.17,27.11,26.27
9.19,66.37,426.59,24.15,6.18,38.57,26.89,27.18,26.21
9.09,65.28,428.36,24.05,6.1,38.03,26.32,26.94,23.13
9.22,65.43,430.21,24.08,6.45,38.64,26.09,27.34,23.22
9.41,65.44,432.35,24.18,6.35,39.94,26.69,27.53,23.23
9.24,65.08,432.62,24.23,6.6,41.13,27.29,27.2,23.35
9.09,64.75,430.21,24.15,6.64,40.66,26.78,27.29,23.31
8.76,64.84,430.92,23.89,6.83,39.23,26.36,27.01,22.29
8.6,64.89,426.64,23.85,6.79,38.23,26.21,26.39,21.88
8.67,65.19,427.89,24.13,6.85,39.47,26.49,26.78,21.98
8.61,64.97,424.95,24.01,6.83,39.34,26.07,26.65,21.59
8.65,66,425.66,24.24,7.25,39.17,26.53,26.67,23.2
8.99,66.35,431.82,24.53,7.34,40.87,27.77,27.27,24.08
9.2,68.08,432.89,24.9,7.65,41.78,27.95,27.63,24.31
9.14,68.32,433.24,25.06,7.57,41.84,29.09,27.84,25.18
9.19,68.77,433.51,25.12,7.41,41.7,29.12,27.79,24.59
9,68.24,432.53,25.09,6.92,40.54,28.13,27.43,24.35
9.15,67.96,431.91,25.09,6.87,39.9,28.37,27.34,24.05
9.11,67.72,433.33,24.96,7.19,39.44,28.14,27.34,23.99
9.17,68.33,434.58,25.01,7.19,38.87,27.97,27.56,24.62
9.3,68.76,433.87,25,7.41,38.77,28.03,27.06,24.91
9.06,69.14,438.15,25.06,7.46,39.23,28.91,27.51,24.8
8.99,70.06,439.4,25.26,7.65,39.31,29.52,27.71,25.01
9.06,69.91,441.72,25.32,7.66,39.35,30.67,27.77,24.56
9.18,69.69,440.2,25.16,7.75,39.98,30.83,27.57,24.44
9.25,70.07,440.38,25.22,7.66,40.26,31.76,28.24,24.4
9.67,69.59,440.83,25.09,7.77,40.56,32.23,28.15,24.26
9.47,69.1,438.24,25.08,7.92,39.34,30.8,27.82,23.71
9.85,68.34,433.07,25.15,7.95,38.29,29.73,28.05,23.84
9.81,69.43,434.58,25.12,8.12,39.4,30.51,28.8,24.23
9.81,69.66,436.37,25.43,8.07,40.64,30.79,28.51,25.05
9.83,70.82,436.99,25.61,8.39,44.35,31.72,29.34,26
10.04,70.76,439.76,25.74,8.51,44.54,31.67,29.06,26.67
10.03,70.99,439.67,25.69,8.42,44.63,31.65,28.67,25.96
10.02,71.39,438.77,25.74,7.43,45.79,32.52,28.98,25.67
10,70.79,442.34,25.76,7.24,46.02,32.08,28.74,26.43
9.98,70.47,443.32,25.74,7.1,45.61,31.58,28.86,26.36
10.18,71.8,445.11,25.87,7.18,46.65,32.12,29.02,27.35
10.1,70.25,443.77,25.62,7.19,45.79,30.22,29.45,27.35
9.88,69.9,441.54,25.59,7.41,46.22,30.84,29.35,27.02
10.25,70.58,446.71,25.96,7.55,47.24,31.79,29.84,27.43
10.5,71.01,448.05,26.37,7.79,46.96,32.5,30,27.54
10.34,70.66,445.73,26.29,7.41,46.33,32.33,30.59,28.01
10.42,70.57,445.37,26.4,7.56,46.18,31.84,30.41,27.54
10.41,70.53,443.06,26.26,7.49,45.65,32.12,30.05,27.08
10.13,70.47,441.45,26.41,7.53,45.37,30.87,30.35,26.72
10.02,70.28,446.8,26.57,7.62,46.53,31.7,30.48,27.26
10.2,71.53,455.19,26.86,7.93,48.24,32.76,30.72,27.76
10.12,71.37,454.83,27,7.72,48.45,33.32,30.57,28.23
10.04,71.56,455.37,26.89,7.7,47.27,32.59,30.81,28
10.1,72.3,455.63,26.9,7.59,47.51,33.38,31.16,28.07
9.99,72.47,453.31,27.01,7.59,47.87,32.62,31.37,28.69
9.91,72.47,449.39,26.91,7.66,47.45,32.91,31.68,28.02
10.18,72.91,447.6,26.95,7.62,49.31,33.55,32.44,28.9
10.15,74.09,449.39,26.77,7.57,49.15,33.32,32.34,28.67
10.2,74.64,447.34,26.46,7.48,49.56,32.6,32.35,29.79
10.05,74.84,446.45,26.46,7.44,48.2,32.47,31.95,29.46
10.08,77.31,447.69,26.46,7.46,47.75,32.31,31.85,29.5
10.69,77.35,444.84,26.25,7.44,47.26,32.54,31.32,29.56
10.82,77.88,445.2,26.39,7.42,47.03,32.57,31.85,29.58
11.02,78.81,451.53,26.44,7.32,47.27,32.88,32.37,29.76
10.96,78.75,450.19,26.35,7.69,47.16,33.63,32.45,29.44
11.05,79.04,453.76,26.49,7.86,46.47,37.68,32.26,29.69
11.12,78.79,453.4,26.48,7.86,46.6,38.3,32.34,29.88
10.88,78.12,449.21,26.2,7.68,46.14,38.24,31.85,29.58
10.88,78.76,447.07,26.19,7.64,47.01,38.15,32.2,29.65
10.97,79.47,447.43,26.12,7.67,47.09,38.09,32.2,29.16
10.71,79.02,446.8,25.97,7.89,46.04,37.56,32.15,28.85
10.68,78.91,448.06,25.83,7.93,45.15,37.45,32.3,27.46
10.59,78.68,446.71,25.87,7.76,44.68,37.46,31.68,21.13
10.78,79.71,452.39,26.24,8.02,44.89,38.21,32.13,21.22
10.89,79.83,454.73,26.44,8.09,45.27,38.77,32.01,21.69
11.15,79.96,455.54,26.47,7.99,44.64,39.47,32.28,22.4
11.27,79.81,455.9,26.26,7.93,43.8,38.84,32.33,22.25
11.24,79.24,456.08,26.17,7.95,44.58,39.26,32.24,22.37
11.41,79.51,456.62,26.31,8.22,44.36,39.99,32.66,22.6
11.5,80.56,457.16,26.48,8.15,44.84,41.51,32.47,22.82
11.37,80.4,454.64,26.63,8.34,45.26,42.6,32.34,22.78
11.58,80.72,456.35,26.76,8.36,46.88,42.84,32.79,22.59
11.61,81.01,457.61,26.97,8.24,46.87,42.55,32.91,22.57
11.7,80.53,456.98,26.77,8.03,46.56,42.44,32.96,22.45
11.99,80.38,455.9,26.64,7.93,47.35,42.54,33.09,22.4
12.22,80.76,457.34,26.78,7.98,47.59,42.96,33.17,22.54
12.4,80.61,453.2,26.55,7.89,46.94,42.41,32.95,22.46
12.11,78.97,449.41,26.38,7.56,46.34,40.85,32.34,21.95
12.42,78.88,446.44,26.19,7.55,47.13,40.92,32.58,21.85
12.42,79.03,449.14,26.3,7.57,47,40.63,32.93,22.16
12.4,79.38,446.71,26.25,7.53,46.85,40.34,33.02,22.29
12.35,78.8,444.82,26.25,7.45,45.77,39.41,33.11,22.06
12.33,80.75,450.41,26.33,7.31,46.42,39.1,33.44,22.55
12.35,81.59,455,26.24,7.11,46.06,38.98,33.64,22.38
12.15,81.28,457.43,26.12,6.82,45.93,38.9,33.8,22.45
11.78,81.37,456.8,26.16,6.63,44.41,38.12,34.05,22.16
11.94,81.05,467.07,26.24,6.7,45.28,38.46,34.43,22.33
12.01,80.86,476.35,26.2,6.71,45.95,38.69,34.29,22.23
11.65,81.28,470.67,26.52,6.57,43.72,38.46,33.87,22.04
12.05,81.84,471.3,26.41,6.37,43,38.5,34.3,22.1
11.98,82.35,478.42,26.94,6.59,43.53,39.02,34.38,22.48
11.87,82.3,487.07,27.8,6.56,42.95,40.01,34.16,22.41
11.56,82.42,499.41,28.27,6.51,42.05,39.26,34.21,22.11
11.68,82.9,497.52,28.28,6.65,41.38,39.42,34.61,22.09
11.47,82.9,496.89,28.38,6.79,41.22,40.01,34.51,21.94
11.21,82.82,493.28,28.31,6.77,41.94,39.89,34.52,22.01
11.12,82.25,491.39,28.16,6.87,42.55,40.24,34.28,21.78
11.03,82.61,496.53,28.26,6.94,41.96,39.8,34.47,21.61
11.03,83.94,508.15,28.32,7.02,42.31,40.29,34.88,21.49
10.94,83.74,503.37,28.09,6.95,42.16,40.21,34.9,21.45
11.48,83.89,501.75,27.89,6.96,42.01,39.46,34.88,21.44
11.34,84,497.7,28.46,6.96,41.9,38.7,34.52,20.78
11.59,84.89,495.99,28.29,7.13,42.56,38.9,34.26,21.47
11.51,84.13,493.37,28.15,7.06,42.7,38.37,34.26,21.3
11.56,85.4,495.9,28.14,7.16,42.2,37.5,34.39,21.12
12.52,86.41,491.57,28.14,7.22,41.88,37.78,34.46,21.13
13.12,85.4,487.61,28.15,7.16,42.2,37.15,34.83,21.27
12.96,85.19,487.97,28.42,7.2,42.73,37.4,35.02,21.03
12.8,85.78,489.86,28.4,7.31,42.41,38.2,34.79,20.95
13.14,87.06,493.37,28.56,7.36,41.81,38.66,35.07,21.06
12.85,86.37,489.95,28.47,7.45,41.55,37.88,35.3,20.99
12.05,85.88,489.95,28.48,7.58,42,36.98,35.09,20.89
11.97,83.05,490.94,27.7,7.69,42.19,37.02,35.26,20.16
11.74,83.86,492.56,27.55,7.79,42.17,36.95,34.9,20.27
11.59,83.83,490.85,27.4,7.69,42.11,36.43,35.29,20.01
11.73,84.11,493.91,27.46,7.6,43.01,37.26,34.75,20.18
11.67,84.2,485.81,27.24,7.61,42.6,37.08,33.83,19.74
11.55,84.15,492.47,27.04,7.8,42.29,36.85,33.78,19.5
11.63,85.09,486.98,27.13,7.75,42.77,37.43,34.02,19.84
11.57,85.81,488.87,27.01,7.6,42.37,37.05,34.44,20.35
11.6,85.62,496.62,27.02,7.53,43.04,37.67,34.9,19.81
11.46,85.49,497.89,27.16,7.68,43.42,38.7,35,20.17
11.47,85.64,497.25,27.19,7.62,43.72,37.39,35.05,20.49
11.36,86.68,498.07,27.26,7.72,43.54,37.16,35.04,20.81
11.38,86.22,499.89,27.22,7.91,43.42,38.27,35.23,20.64
11.65,86.22,499.89,27.06,7.93,43.37,38.98,35.19,20.69
11.66,86.29,495.25,26.79,7.92,43.66,39.1,34.9,20.81
11.26,85.36,485.79,26.63,8.09,43.55,38.72,35.06,20.92
11.48,85.38,486.06,26.71,8.01,43.09,38.85,35.2,20.59
11.46,85.13,488.61,26.81,7.83,43.14,39.31,35.33,20.77
11.54,85.92,492.89,27.34,7.88,42.76,40.14,35.42,21.04
11.53,85.68,493.16,27.09,7.97,42.9,40.06,35.39,21.11
11.48,85.74,492.16,26.89,7.9,42.7,40.33,35.66,21.29
11.62,86.05,492.98,27.07,8.01,43.25,41.51,36.04,21.13
12.07,85.83,488.98,26.92,7.85,43.03,41.26,36.17,20.96
12.11,85.32,487.52,26.74,7.74,42.74,41,36.23,23.9
12.05,84.65,489.16,26.52,7.69,42.1,40.78,36.2,23.15
11.97,83.94,479.24,26.7,7.65,41.54,40.88,36.04,23.07
11.35,81.38,460.32,26.18,7.21,40.05,38.83,34.98,22.01
11.45,80.5,458.23,26.37,7.33,39.69,39.14,34.38,21.91
11.78,79.92,464.69,26.44,7.2,39.96,38.85,34.7,21.53
11.55,78.73,454.59,26.34,7.03,39.58,37.69,34.36,21.2
11.68,79.52,448.04,26.1,7.02,38.97,37.05,33.76,21.27
11.93,81.24,460.14,26.23,7.08,39.73,38.58,33.91,21.6
11.87,81.37,456.86,25.93,7.06,40.73,38.36,33.91,21.15
11.9,80.55,459.41,26.02,7.35,41.13,38.1,34.34,21.21
11.9,80.79,457.86,25.93,7.35,41.28,38.84,34.74,21.11
12.16,81.51,458.14,26.02,7.24,40.97,38.81,35.15,20.87
11.96,80.3,443.49,25.75,7.08,40.7,37.82,34.21,20.45
12.18,81.21,446.49,25.92,6.96,41.12,38.08,34.35,20.27
12.12,80.94,456.04,26.08,7.03,41.18,37.78,34.2,20.39
12.12,80.77,450.58,25.96,6.99,40.86,37.85,34.21,20.28
12.33,81.41,455.41,26.19,7.24,40.66,38.45,34.52,20.21
12.38,81.85,460.68,26.27,7.3,41.32,38.58,34.86,20.33
12.7,82.6,473.33,26.8,7.42,42.31,39.8,35.1,20.27
12.71,82.45,471.6,27.05,7.48,42.4,39.49,35.01,20.15
12.65,82.31,470.51,27.06,7.31,42.72,38.98,35.45,20.65
12.97,82.28,468.87,27.2,7.29,42.46,39.01,35.5,20.81
12.91,82.05,464.5,27.04,7.27,41.99,39.37,35.44,20.61
12.61,81.64,463.59,26.86,7.39,41.65,39.34,35.27,20.38
12.68,81.91,467.6,26.86,7.36,41.79,39.81,35.31,20.3
12.57,81.64,467.05,26.71,7.31,41.61,39.79,35.45,20.57
12.67,82.47,464.41,26.66,7.49,41.4,40.42,35.27,20.64
12.78,83.24,467.69,26.68,7.48,41.96,41.19,35.61,20.91
12.75,83.33,467.23,26.52,7.45,40.9,41.53,35.59,20.68
12.81,83.6,469.14,26.45,7.42,41.38,41.68,36.02,20.81
12.67,83.69,469.23,26.27,7.48,41.19,41.66,36.58,20.55
12.75,83.55,476.69,26.35,7.59,40.53,41.86,36.44,20.61
12.53,82.42,471.24,26.4,7.53,40.24,41.68,36.54,20.32
12.47,82.86,469.87,26.58,7.49,40.02,42.27,36.69,20.34
12.21,82.22,469.42,26.73,7.43,39.73,42.41,37.48,20.42
12.37,83.31,481.52,26.71,7.44,40.88,45.2,37.85,20.53
12.22,84.12,477.88,26.59,7.27,41.73,45.07,38.56,20.73
12.23,82.11,482.06,26.54,7.24,41.71,44.99,38.46,20.79
12.21,81.67,482.97,26.44,7.17,41.33,44.64,38.38,20.84
12.31,81.92,485.97,26.54,7.18,41.61,44.95,38.05,21.14
12.65,82.47,483.15,26.29,7.25,41.73,44.77,38.27,22
12.61,85.31,480.42,26.26,7.24,41.45,44.75,38.14,22.01
12.9,87.88,489.43,26.75,7.3,41.37,56.81,38.26,22.06
13.37,87.39,487.25,27.07,7.6,41.21,62.78,38.74,21.83
13.52,87.63,485.52,27.83,7.46,40.58,62.6,38.52,21.88
13.5,88.53,487.79,27.84,7.45,39.92,61.33,37.99,21.54
13.46,89.36,493.07,28.03,7.46,39.78,62.04,38.67,21.11
13.58,88.54,493.98,28.18,7.57,39.89,61.18,39.36,21.02
13.58,89.04,495.72,28.21,7.59,39.96,62.19,39.27,20.86
13.64,89.18,497.01,28.06,7.61,39.54,63.23,39.28,20.84
14.06,89.35,495.08,28.13,7.56,40,60.82,38.95,20.8
14.21,89.81,493.61,28.01,7.75,39.72,61.83,38.81,21.04
14.46,90.76,497.29,28.15,7.74,40.54,62.85,39.22,21.09
14.52,91.02,488.83,27.78,7.63,39.77,60.92,39.34,18.95
14.71,92.15,488.01,27.93,7.75,40.13,61.56,39.85,18.87
14.79,91.79,485.71,27.65,8.07,40.08,61.7,39.84,18.12
14.55,91.15,485.07,27.68,8.25,40.16,60.58,40.34,17.88
14.52,92.06,504.55,27.82,8.11,40.41,63.22,40.89,18.34
14.81,91.57,503.53,27.6,8.11,40.4,62.17,41.12,18.2
14.88,93.9,505.37,27.92,8.05,40.96,63.3,41.18,18.3
15.15,93.07,503.9,28.03,8.13,40.96,68.3,41.13,18.35
15.36,92.78,506.11,28.21,8.04,41,68.88,41.31,18.68
15.27,91.8,505.46,28.4,8.11,40.67,69,40.58,18.59
14.97,90.39,504.73,28.24,7.86,39.94,69.35,40.1,18.64
15.37,91.46,506.47,28.37,7.83,39.91,68.55,40.05,18.62
15.47,92.09,504.55,28.25,7.78,40.03,69.63,39.82,18.97
16.07,92.98,507.21,28.5,7.87,40.06,69.86,39.52,18.93
16.39,92.69,500.69,28.39,7.73,41.32,69.14,39.77,18.92
16.02,92.64,500.87,28.29,7.74,42,68.58,40.09,19.19
16.41,92.37,497.56,28.56,7.66,41.98,70.42,40.21,19.2
16.6,92.03,495.26,28.25,7.7,41.18,73.65,40.01,18.64
16.73,89.05,490.03,28.17,7.65,41.45,72.29,39.85,18.07
16.78,88.52,482.58,27.77,7.47,40.65,72.04,39.51,17.95
16.84,89.62,490.03,28.19,7.63,41.2,73.24,40.45,18.11
16.26,89.75,491.31,28.3,7.78,40.61,71.17,40.33,18.02
16.29,88.99,483.32,27.99,7.71,40.57,70.07,40.51,17.61
15.9,89.66,493.24,28.43,7.93,41.04,70.89,41.07,17.96
16.06,90.3,493.15,28.55,8.02,40.9,71.94,41.11,18.1
16.3,91.38,496,28.8,8.26,40.88,72.4,41.05,18.26
16.92,91.59,495.82,28.76,8.2,41.08,71.83,41.23,18.19
16.73,92.6,498.57,29.68,8.01,38.66,69.81,41.29,17.93
16.44,92.17,491.04,29.51,8.21,38.44,69.1,40.39,17.98
16.76,92.69,493.06,29.52,8.25,38.02,69.67,40.18,17.66
16.64,90.81,481.57,29.1,8.46,38.33,68.86,39.67,17.64
16.55,91.39,474.96,29.07,8.36,38.57,68.66,40.36,17.63
16.19,91.59,470,28.93,8.3,38.5,67.48,40.72,17.57
16.49,91.67,476.06,28.96,8.6,39.94,68.14,40.4,17.89
16.31,92.13,476.06,29,8.79,39.91,68.89,40.01,17.72
16.51,91.52,471.28,29.13,8.73,39.94,68.41,39.94,17.64
16.4,91.31,474.5,29.11,8.93,40.17,69.61,40.43,17.59
17.2,92.67,476.52,29.45,8.73,40.25,69.45,40.44,17.59
17.96,93.95,473.21,29.32,8.48,40.9,68.73,40.29,17.51
17.9,94.8,475.05,29.28,8.44,41.42,68.97,40.47,17.53
17.63,94.75,474.13,29.38,8.41,41.46,72.07,40.24,17.6
17.9,94.46,468.62,28.84,8.42,40.74,70.28,39.61,17.8
17.91,94.86,472.39,29.07,8.24,40.7,70.73,39.91,18.27
18.14,95.02,485.53,29.67,8.3,41.2,72.79,40.64,18.04
18.63,94.43,482.58,30.05,8.31,40.6,75.1,40.84,18.74
18.68,95.35,479.55,30.53,8.21,40.45,73.69,40.99,18.43
18.79,96.32,482.03,30.98,8.09,39.88,73.79,41.04,18.49
18.69,96.59,474.13,30.78,7.99,39.65,73.32,41.07,18.81
18.94,100.74,469.81,30.98,7.99,40.16,73.35,41.44,18.54
19.45,99.83,466.14,30.53,7.78,39.77,71.63,40.99,18.19
19.44,101.19,467.33,31.06,7.84,39.4,71.74,41.31,18.25
18.25,101.01,453.09,30.6,7.65,38.89,69.25,40.56,17.5
18.57,102.69,452.17,30.75,7.38,39.03,86.18,40.1,17.36
19.75,101.32,439.31,30.08,7.49,38.3,84.01,38.95,16.86
19.46,100.53,431.59,29.51,7.62,37.91,84.04,38.37,16.65
19.13,99.58,433.61,29.88,8.1,38.41,82.7,38.08,17.01
17.82,96.21,427.91,29.49,7.88,38.24,78.54,37.67,17.14
18.26,97.42,430.49,29.64,7.81,37.94,77.31,37.98,18.28
18.46,98.46,439.13,29.7,7.78,38.13,79.71,38.55,18.71
17.84,97.29,425,28.96,7.47,37.41,76.8,38.18,18.65
18.3,99.03,449.45,29.75,7.59,38.09,79,38.92,19.61
18.27,98.72,451.68,30.04,7.69,38.5,79.14,39.13,19.8
18.13,98.59,460.05,30.78,8.22,38.82,77.78,39.57,20.76
17.1,96.62,435.97,29.63,7.76,38.53,74.11,39.29,20.75
16.91,98.29,436.9,29.09,7.62,38.67,74.78,38.88,19.55
17.29,98.35,432.62,29.04,7.75,38.14,74.87,38.33,19.36
16.78,97.77,424.44,28.67,7.48,37.39,73.45,37.77,19.19
16.22,97.06,423.98,28.08,7.41,37.34,72.38,37.42,19.2
15.83,95.71,442.01,28.3,7.13,36.92,72.79,37.82,19.05
16.51,96.77,453.72,29.26,7.25,37.45,75.02,37.43,20.49
16.53,95.3,449.82,29.08,7.41,37.62,74.7,38,20.11
17.26,95.15,446.75,29.18,7.34,37.81,77.49,38.14,20.05
17.93,95.98,450.19,29.78,7.27,38.02,78.5,38.84,20.14
17.73,97.25,449.45,29.77,7.18,37.77,77.3,39.22,20.05
18.3,98.81,450.84,29.99,7.32,37.77,79.25,39.44,20.6
17.89,98.99,444.24,29.67,7.23,37.49,78.65,38.92,21.16
17.16,97.73,428.91,28.95,6.96,36.98,76.22,38.27,20.71
18.14,99.97,436.43,29.45,7.15,37.71,79.05,38.7,21.18
18.43,100.67,429.74,29.22,7.11,37.47,78.68,38.42,20.42
18.73,101.82,435.78,29.58,7.23,37.69,79.91,38.75,20.48
19.5,103.13,438.85,29.7,7.4,37.68,82.7,39.07,20.59
18.5,102.86,427.6,29.48,7.2,37.1,83.75,38.74,20.07
18.26,102.63,424.44,29.98,7.21,37.05,86.21,39.15,19.99
17.83,100.83,422.77,29.48,6.97,36.75,84.52,38.74,19.95
18.49,101.05,421.1,29.82,6.97,36.61,83.34,39.46,19.88
18.33,102.4,427.7,30.05,7.02,36.75,86.28,40.73,20.41
18.51,101.22,425.37,30.36,6.95,36.81,87.3,40.29,20.29
18.56,101.18,430.95,30.82,7.34,37.27,87.26,42.73,20.31
18.78,100.46,433.55,30.7,7.44,37.8,87.77,43.63,20.07
18.72,99.93,427.88,30.57,7.67,38.19,86.91,42.99,19.73
19.06,101.77,449.63,31.71,7.8,40.7,88.75,43.29,20.8
19.04,101.8,448.7,31.78,7.78,40.71,89,43.6,20.84
18.98,101.97,438.76,31.59,7.64,39.82,89.65,43.17,20.81
19.5,101.9,441.64,31.6,7.62,40.1,91.3,43.12,20.83
20.06,101.44,433.09,31.29,7.86,39.64,92.59,43.24,20.85
20.72,101.67,430.49,31.48,7.73,39.45,93.48,42.61,21.15
20.67,102.35,432.72,31.61,8.23,39.72,93.43,43.12,22.19
20.9,102.71,435.78,31.71,7.99,39.62,93.38,42.93,22.27
20.76,102.79,433.83,31.71,7.86,39.46,93.15,42.86,22.65
21.15,103.86,443.59,32.19,7.62,40.25,93.41,44.07,22.55
21.44,103.28,444.89,32.26,7.94,40.76,92.36,44.02,23.01
21.36,101.57,445.17,31.83,7.81,41.62,92.46,44.15,23.27
21.14,100.95,442.76,31.94,7.65,41.67,92.26,44.09,23.63
21.84,101.48,448.98,32,7.75,42.26,93.43,44.35,24.61
22.72,102.76,444.34,31.81,7.59,42.49,95.85,44.75,24.43
22.71,103.23,442.66,32.19,7.71,42.8,95.32,45.15,24.44
22.56,103.51,438.2,32.03,7.62,42.51,94.66,44.87,23.52
21.95,103.01,449.17,31.87,8.11,42.7,89.34,44.26,23.26
22.63,102.8,444.99,31.43,8.52,42.74,92.37,44.87,23.91
22.59,102.99,429.83,31.27,8.33,42.35,90.53,44.21,23.21
22.94,104.36,416.36,31.23,8.13,41.81,89.53,44.7,22.58
23.37,101.03,415.15,31.41,8.05,41.85,90.55,44.82,22.49
23.47,100.17,407.43,31.25,8.11,41.13,89.85,44.68,22.31
23.05,97.97,393.77,30.67,7.75,40.38,89.76,44.39,21.93
23.59,98.93,396.09,30.77,7.73,40.43,91.29,44.08,22.23
25.18,100.07,394.51,31.01,8.01,40.68,100.82,44.83,22.3
25.15,98.56,388.75,30.82,7.96,40.98,88.73,44.97,22.14
24.73,98.44,383.26,30.76,7.97,41.21,88.21,45.69,22.1
24.99,99.24,396.28,30.93,8.03,41.52,90,46.01,22.14
25.04,100.17,396.83,31.07,8.12,42.05,90.1,46.57,22.6
25.3,99.58,391.44,31.01,8.15,42.08,88.24,46.57,22.66
25.7,101.33,389.49,31.53,8.22,41.72,89.15,47.01,23
25.36,99.17,362.65,30.9,7.87,40.56,87.65,46.42,21.91
25.42,99.99,355.31,30.89,8.29,40.62,85.98,46.44,22.7
25.19,98.95,338.07,30.79,8.03,40.17,84.37,46.95,23.49
25.95,98.75,330.35,30.78,7.99,40.48,87.27,47.01,22.56
25.2,97.27,314.63,29.94,7.63,39.83,87.04,45.94,21.61
23.74,92.92,309.82,29.89,7.86,39.98,83.58,46.71,21.31
22.37,87.79,311.71,29.4,7.6,38.71,78.89,45.88,20.14
20.8,88.84,316.13,29.3,7.29,39.18,77,46.06,20.61
22.99,92.18,338.07,30.04,7.41,40.28,79.86,46.11,21.59
22.47,90.58,339.39,29.88,7.39,40.26,78.51,45.79,21.63
22.23,90.72,325.64,29.35,7.21,39.84,77.85,46.17,21.26
22.51,91.76,320.18,29.61,7.13,40.27,78.6,46.94,21.03
22.18,89.51,301.35,29.23,6.8,40.01,79.18,47.32,19.99
22.84,90.56,295.7,29.14,6.71,40.72,80.39,47.22,19.61
22.79,89.51,289.39,28.47,6.44,40.93,79.76,46.3,19.23
23.21,91.11,298.52,28.86,6.66,41.29,81.43,46.61,18.92
23.34,89.29,289.1,28.14,6.51,41.49,81.3,45.88,18.82
23.65,90.92,285.53,28.69,6.55,42.22,85.59,46.4,19.07
24.38,94.02,304.08,29.46,6.82,43.49,90.3,46.81,19.49
24.93,94.14,304.08,29.22,6.75,43.42,89.15,47.12,19.59
24.65,92.1,313.59,29.33,6.96,43.89,90.56,47.22,19.97
24.2,92.67,311.33,28.29,6.72,44.48,90.91,48.31,19.62
24.33,93.37,306.53,27.77,6.46,43.91,94.41,48.48,19.12
25.09,94.71,317.26,28.12,6.47,44.56,93.19,48.06,19.65
25.7,96.06,323.48,28.54,6.54,45.32,94.21,48.68,19.93
26.29,95.33,323.1,28.52,6.54,45.32,94.31,48.58,19.98
26.27,95.79,327.43,28.66,6.61,45.49,93.02,49.99,20.29
25.51,93.69,312.93,28.37,6.46,43.83,90.75,50.98,19.87
25.82,94.99,296.36,28.53,6.54,43.71,91.28,49.79,19.19
25.95,94.73,292.02,28.79,6.48,44.39,92.4,49.67,19.26
25.76,92.62,289.1,28.27,6.38,43.28,89.08,49.39,18.84
24.95,91.54,289.76,27.94,6.3,43.97,85.09,48.26,18.45
24.75,93.09,286.09,28.19,6.31,44.38,86.89,48.31,18.74
24.77,93.82,284.49,28.01,6.26,44.02,89.38,47.52,18.98
25.33,95.31,281.48,28.21,6.29,44.43,90.58,47.47,19.38
26.23,97.24,284.77,28.69,6.29,45.12,91.26,48.48,19.77
26.89,97.77,291.74,28.99,6.25,45.85,91.01,48.7,19.57
26.91,97.69,286.75,29.01,6.38,45.9,92.85,48.35,19.67
26.86,95.97,278.37,28.73,6.34,45.13,94.25,47.8,19.19
27.03,96.4,275.83,28.85,6.21,44.96,94.45,48.05,19.31
26.8,94.66,277.24,28.64,6.23,45.27,92.64,47.57,18.94
